INSERT INTO public.vedtak (id,sakid,utløsendeid,ident,brukernavkontor,vedtakstidspunkt,saksbehandler,beslutter,forrigevedtakid) VALUES
    ('ved_01HSGN6Y409VWMCWAWGBSF1QSQ','202403211002','beh_01HSGN3TERCY33ZKMQSF0Z5XZ7','12828098533','0220','2024-03-21 15:04:02.853407','Z994144','Z994363',NULL),
    ('ved_01HSGN8GWEA5JK6XPG7YQFPYEX','202403211002','c5a4fb7d-c169-464f-92dd-45f8fd05a28a','12828098533','0220','2024-03-21 15:04:56.078999','Z123456','Z123456','ved_01HSGN6Y409VWMCWAWGBSF1QSQ'),
    ('ved_01HSGNH1N9MYQV0KFBZT5ZDTBW','202403211002','6ca756eb-05d3-4d24-a928-5b90d560df40','12828098533','0220','2024-03-21 15:09:35.401506','Z123456','Z123456','ved_01HSGN8GWEA5JK6XPG7YQFPYEX'),
    ('ved_01HSGNP69WYQDGEA58DN8GDFMC','202403211002','306a6b80-383b-46d5-9722-31ef2c88d928','12828098533','0220','2024-03-21 15:12:23.996571','Z123456','Z123456','ved_01HSGNH1N9MYQV0KFBZT5ZDTBW'),
    ('ved_01HSGNV4D8BFAGWXXN6RCD7HS3','202403211002','9adac251-b8ef-4c94-be7f-de453862d223','12828098533','0220','2024-03-21 15:15:05.896215','Z123456','Z123456','ved_01HSGNP69WYQDGEA58DN8GDFMC'),
    ('ved_01HSGNZFYMNX2PQSS4GSSNQC7V','202403211002','02db3148-2a0a-4911-8b49-ddc10891086d','12828098533','0220','2024-03-21 15:17:28.788634','Z123456','Z123456','ved_01HSGNV4D8BFAGWXXN6RCD7HS3'),
    ('ved_01HSJYYN1TWBRQ3TMJCV9DCW63','202403221003','beh_01HSJYVBXRP027W70B8RE38NHH','15850598247','0220','2024-03-22 12:32:46.274822','Z994144','Z994363',NULL),
    ('ved_01HSJZ10JZGFDMGDM0JM74PA00','202403221003','7db368b7-3cbc-4d40-8b8c-5d71bb608c88','15850598247','0220','2024-03-22 12:34:04.639605','Z123456','Z123456','ved_01HSJYYN1TWBRQ3TMJCV9DCW63'),
    ('ved_01HSJZ621WZ9MXBA6G2YC5QGHR','202403221003','9dc5efed-82cb-4ae1-92ca-6582367fa7de','15850598247','0220','2024-03-22 12:36:49.98083','Z123456','Z123456','ved_01HSJZ10JZGFDMGDM0JM74PA00'),
    ('ved_01HSJZ96W22Q7QR840H5N3PSJC','202403221003','26e3045a-22e5-4a48-b61a-b96c54040bc5','15850598247','0220','2024-03-22 12:38:33.218613','Z123456','Z123456','ved_01HSJZ621WZ9MXBA6G2YC5QGHR'),
    ('ved_01HSJZDPQGBBD213XJJWER7AJA','202403221003','da5b7546-e481-4369-a6c9-4526e04854fc','15850598247','0220','2024-03-22 12:41:00.528175','Z123456','Z123456','ved_01HSJZ96W22Q7QR840H5N3PSJC'),
    ('ved_01HSJZKC50FVE0DRFF7H4J635M','202403221003','33a08c91-0dc5-4e09-91f4-7aef99fd5b74','15850598247','0220','2024-03-22 12:44:06.304153','Z123456','Z123456','ved_01HSJZDPQGBBD213XJJWER7AJA'),
    ('ved_01HSK0CD65NQGJBDQ3XTPFQPQE','202403221004','beh_01HSK0AVRB30G07SJF47K2J20F','24918297193','0220','2024-03-22 12:57:46.342933','Z994144','Z994363',NULL),
    ('ved_01HSK0FEDY101T1QEWE6GQNK38','202403221004','2fd81067-faf0-4ce6-835b-39bb38d08a80','24918297193','0220','2024-03-22 12:59:26.142738','Z123456','Z123456','ved_01HSK0CD65NQGJBDQ3XTPFQPQE'),
    ('ved_01HSK0JQA1041GKP2J3X139KGQ','202403221004','b8e65c5b-582c-4e33-84ea-7e41074e3ba9','24918297193','0220','2024-03-22 13:01:13.537316','Z123456','Z123456','ved_01HSK0FEDY101T1QEWE6GQNK38'),
    ('ved_01HSK0RJZWY6PE27HJK1D8XN99','202403221004','6ff0ad1d-b644-4be9-adba-5ebf8964b85e','24918297193','0220','2024-03-22 13:04:25.724271','Z123456','Z123456','ved_01HSK0JQA1041GKP2J3X139KGQ'),
    ('ved_01HSK0XKAPBS9R7SSTK8AZS1S7','202403221004','71f1164f-4560-46ed-8a15-a5f39f3cdf67','24918297193','0220','2024-03-22 13:07:09.91077','Z123456','Z123456','ved_01HSK0RJZWY6PE27HJK1D8XN99'),
    ('ved_01HSK10DWPAYBQKHB6FWVAR9KW','202403221004','563ba7f9-29fb-4348-bb5f-36234ec62c73','24918297193','0220','2024-03-22 13:08:42.647043','Z123456','Z123456','ved_01HSK0XKAPBS9R7SSTK8AZS1S7'),
    ('ved_01HSK14G0DVVMBKSKV98W0F5MK','202403221004','41dae146-a923-4da7-9bb3-a27c12751818','24918297193','0220','2024-03-22 13:10:55.885502','Z123456','Z123456','ved_01HSK10DWPAYBQKHB6FWVAR9KW'),
    ('ved_01HSK7YCHBPXH30NB7AC6CBRXC','202403221004','4872a376-6ef3-4c24-90b4-c39389f90e45','24918297193','0220','2024-03-22 15:09:55.755382','Z123456','Z123456','ved_01HSK14G0DVVMBKSKV98W0F5MK'),
    ('ved_01HSK80E60ZY32XTEYCQ0Q19AN','202403221004','a5f29fcc-49e1-411c-b456-29dbbff6cc0c','24918297193','0220','2024-03-22 15:11:02.976613','Z123456','Z123456','ved_01HSK7YCHBPXH30NB7AC6CBRXC'),
    ('ved_01HSK831C070X24CCAB1H2PNX3','202403221004','d672936b-da2d-4f65-a09a-abc07ad1f9a0','24918297193','0220','2024-03-22 15:12:28.160597','Z123456','Z123456','ved_01HSK80E60ZY32XTEYCQ0Q19AN');
INSERT INTO public.meldekortperiode (meldekortid,vedtakid,løpenr) VALUES
    ('c5a4fb7d-c169-464f-92dd-45f8fd05a28a','ved_01HSGN8GWEA5JK6XPG7YQFPYEX',1),
    ('c5a4fb7d-c169-464f-92dd-45f8fd05a28a','ved_01HSGNH1N9MYQV0KFBZT5ZDTBW',1),
    ('6ca756eb-05d3-4d24-a928-5b90d560df40','ved_01HSGNH1N9MYQV0KFBZT5ZDTBW',2),
    ('c5a4fb7d-c169-464f-92dd-45f8fd05a28a','ved_01HSGNP69WYQDGEA58DN8GDFMC',1),
    ('6ca756eb-05d3-4d24-a928-5b90d560df40','ved_01HSGNP69WYQDGEA58DN8GDFMC',2),
    ('306a6b80-383b-46d5-9722-31ef2c88d928','ved_01HSGNP69WYQDGEA58DN8GDFMC',3),
    ('c5a4fb7d-c169-464f-92dd-45f8fd05a28a','ved_01HSGNV4D8BFAGWXXN6RCD7HS3',1),
    ('6ca756eb-05d3-4d24-a928-5b90d560df40','ved_01HSGNV4D8BFAGWXXN6RCD7HS3',2),
    ('306a6b80-383b-46d5-9722-31ef2c88d928','ved_01HSGNV4D8BFAGWXXN6RCD7HS3',3),
    ('9adac251-b8ef-4c94-be7f-de453862d223','ved_01HSGNV4D8BFAGWXXN6RCD7HS3',4),
    ('c5a4fb7d-c169-464f-92dd-45f8fd05a28a','ved_01HSGNZFYMNX2PQSS4GSSNQC7V',1),
    ('6ca756eb-05d3-4d24-a928-5b90d560df40','ved_01HSGNZFYMNX2PQSS4GSSNQC7V',2),
    ('306a6b80-383b-46d5-9722-31ef2c88d928','ved_01HSGNZFYMNX2PQSS4GSSNQC7V',3),
    ('9adac251-b8ef-4c94-be7f-de453862d223','ved_01HSGNZFYMNX2PQSS4GSSNQC7V',4),
    ('02db3148-2a0a-4911-8b49-ddc10891086d','ved_01HSGNZFYMNX2PQSS4GSSNQC7V',5),
    ('7db368b7-3cbc-4d40-8b8c-5d71bb608c88','ved_01HSJZ10JZGFDMGDM0JM74PA00',1),
    ('7db368b7-3cbc-4d40-8b8c-5d71bb608c88','ved_01HSJZ621WZ9MXBA6G2YC5QGHR',1),
    ('9dc5efed-82cb-4ae1-92ca-6582367fa7de','ved_01HSJZ621WZ9MXBA6G2YC5QGHR',2),
    ('7db368b7-3cbc-4d40-8b8c-5d71bb608c88','ved_01HSJZ96W22Q7QR840H5N3PSJC',1),
    ('9dc5efed-82cb-4ae1-92ca-6582367fa7de','ved_01HSJZ96W22Q7QR840H5N3PSJC',2),
    ('26e3045a-22e5-4a48-b61a-b96c54040bc5','ved_01HSJZ96W22Q7QR840H5N3PSJC',3),
    ('7db368b7-3cbc-4d40-8b8c-5d71bb608c88','ved_01HSJZDPQGBBD213XJJWER7AJA',1),
    ('9dc5efed-82cb-4ae1-92ca-6582367fa7de','ved_01HSJZDPQGBBD213XJJWER7AJA',2),
    ('26e3045a-22e5-4a48-b61a-b96c54040bc5','ved_01HSJZDPQGBBD213XJJWER7AJA',3),
    ('da5b7546-e481-4369-a6c9-4526e04854fc','ved_01HSJZDPQGBBD213XJJWER7AJA',4),
    ('7db368b7-3cbc-4d40-8b8c-5d71bb608c88','ved_01HSJZKC50FVE0DRFF7H4J635M',1),
    ('9dc5efed-82cb-4ae1-92ca-6582367fa7de','ved_01HSJZKC50FVE0DRFF7H4J635M',2),
    ('26e3045a-22e5-4a48-b61a-b96c54040bc5','ved_01HSJZKC50FVE0DRFF7H4J635M',3),
    ('da5b7546-e481-4369-a6c9-4526e04854fc','ved_01HSJZKC50FVE0DRFF7H4J635M',4),
    ('33a08c91-0dc5-4e09-91f4-7aef99fd5b74','ved_01HSJZKC50FVE0DRFF7H4J635M',5),
    ('2fd81067-faf0-4ce6-835b-39bb38d08a80','ved_01HSK0FEDY101T1QEWE6GQNK38',1),
    ('2fd81067-faf0-4ce6-835b-39bb38d08a80','ved_01HSK0JQA1041GKP2J3X139KGQ',1),
    ('b8e65c5b-582c-4e33-84ea-7e41074e3ba9','ved_01HSK0JQA1041GKP2J3X139KGQ',2),
    ('2fd81067-faf0-4ce6-835b-39bb38d08a80','ved_01HSK0RJZWY6PE27HJK1D8XN99',1),
    ('b8e65c5b-582c-4e33-84ea-7e41074e3ba9','ved_01HSK0RJZWY6PE27HJK1D8XN99',2),
    ('6ff0ad1d-b644-4be9-adba-5ebf8964b85e','ved_01HSK0RJZWY6PE27HJK1D8XN99',3),
    ('2fd81067-faf0-4ce6-835b-39bb38d08a80','ved_01HSK0XKAPBS9R7SSTK8AZS1S7',1),
    ('b8e65c5b-582c-4e33-84ea-7e41074e3ba9','ved_01HSK0XKAPBS9R7SSTK8AZS1S7',2),
    ('6ff0ad1d-b644-4be9-adba-5ebf8964b85e','ved_01HSK0XKAPBS9R7SSTK8AZS1S7',3),
    ('71f1164f-4560-46ed-8a15-a5f39f3cdf67','ved_01HSK0XKAPBS9R7SSTK8AZS1S7',4),
    ('2fd81067-faf0-4ce6-835b-39bb38d08a80','ved_01HSK10DWPAYBQKHB6FWVAR9KW',1),
    ('b8e65c5b-582c-4e33-84ea-7e41074e3ba9','ved_01HSK10DWPAYBQKHB6FWVAR9KW',2),
    ('6ff0ad1d-b644-4be9-adba-5ebf8964b85e','ved_01HSK10DWPAYBQKHB6FWVAR9KW',3),
    ('71f1164f-4560-46ed-8a15-a5f39f3cdf67','ved_01HSK10DWPAYBQKHB6FWVAR9KW',4),
    ('563ba7f9-29fb-4348-bb5f-36234ec62c73','ved_01HSK10DWPAYBQKHB6FWVAR9KW',5),
    ('2fd81067-faf0-4ce6-835b-39bb38d08a80','ved_01HSK14G0DVVMBKSKV98W0F5MK',1),
    ('b8e65c5b-582c-4e33-84ea-7e41074e3ba9','ved_01HSK14G0DVVMBKSKV98W0F5MK',2),
    ('6ff0ad1d-b644-4be9-adba-5ebf8964b85e','ved_01HSK14G0DVVMBKSKV98W0F5MK',3),
    ('71f1164f-4560-46ed-8a15-a5f39f3cdf67','ved_01HSK14G0DVVMBKSKV98W0F5MK',4),
    ('563ba7f9-29fb-4348-bb5f-36234ec62c73','ved_01HSK14G0DVVMBKSKV98W0F5MK',5),
    ('41dae146-a923-4da7-9bb3-a27c12751818','ved_01HSK14G0DVVMBKSKV98W0F5MK',6),
    ('2fd81067-faf0-4ce6-835b-39bb38d08a80','ved_01HSK7YCHBPXH30NB7AC6CBRXC',1),
    ('b8e65c5b-582c-4e33-84ea-7e41074e3ba9','ved_01HSK7YCHBPXH30NB7AC6CBRXC',2),
    ('6ff0ad1d-b644-4be9-adba-5ebf8964b85e','ved_01HSK7YCHBPXH30NB7AC6CBRXC',3),
    ('71f1164f-4560-46ed-8a15-a5f39f3cdf67','ved_01HSK7YCHBPXH30NB7AC6CBRXC',4),
    ('563ba7f9-29fb-4348-bb5f-36234ec62c73','ved_01HSK7YCHBPXH30NB7AC6CBRXC',5),
    ('41dae146-a923-4da7-9bb3-a27c12751818','ved_01HSK7YCHBPXH30NB7AC6CBRXC',6),
    ('4872a376-6ef3-4c24-90b4-c39389f90e45','ved_01HSK7YCHBPXH30NB7AC6CBRXC',7),
    ('2fd81067-faf0-4ce6-835b-39bb38d08a80','ved_01HSK80E60ZY32XTEYCQ0Q19AN',1),
    ('b8e65c5b-582c-4e33-84ea-7e41074e3ba9','ved_01HSK80E60ZY32XTEYCQ0Q19AN',2),
    ('6ff0ad1d-b644-4be9-adba-5ebf8964b85e','ved_01HSK80E60ZY32XTEYCQ0Q19AN',3),
    ('71f1164f-4560-46ed-8a15-a5f39f3cdf67','ved_01HSK80E60ZY32XTEYCQ0Q19AN',4),
    ('563ba7f9-29fb-4348-bb5f-36234ec62c73','ved_01HSK80E60ZY32XTEYCQ0Q19AN',5),
    ('41dae146-a923-4da7-9bb3-a27c12751818','ved_01HSK80E60ZY32XTEYCQ0Q19AN',6),
    ('4872a376-6ef3-4c24-90b4-c39389f90e45','ved_01HSK80E60ZY32XTEYCQ0Q19AN',7),
    ('a5f29fcc-49e1-411c-b456-29dbbff6cc0c','ved_01HSK80E60ZY32XTEYCQ0Q19AN',8),
    ('2fd81067-faf0-4ce6-835b-39bb38d08a80','ved_01HSK831C070X24CCAB1H2PNX3',1),
    ('b8e65c5b-582c-4e33-84ea-7e41074e3ba9','ved_01HSK831C070X24CCAB1H2PNX3',2),
    ('6ff0ad1d-b644-4be9-adba-5ebf8964b85e','ved_01HSK831C070X24CCAB1H2PNX3',3),
    ('71f1164f-4560-46ed-8a15-a5f39f3cdf67','ved_01HSK831C070X24CCAB1H2PNX3',4),
    ('563ba7f9-29fb-4348-bb5f-36234ec62c73','ved_01HSK831C070X24CCAB1H2PNX3',5),
    ('41dae146-a923-4da7-9bb3-a27c12751818','ved_01HSK831C070X24CCAB1H2PNX3',6),
    ('4872a376-6ef3-4c24-90b4-c39389f90e45','ved_01HSK831C070X24CCAB1H2PNX3',7),
    ('a5f29fcc-49e1-411c-b456-29dbbff6cc0c','ved_01HSK831C070X24CCAB1H2PNX3',8),
    ('d672936b-da2d-4f65-a09a-abc07ad1f9a0','ved_01HSK831C070X24CCAB1H2PNX3',9);
INSERT INTO public.utbetalingdag (vedtakid,meldekortid,dato,status,tiltaktype) VALUES
    ('ved_01HSGN8GWEA5JK6XPG7YQFPYEX','c5a4fb7d-c169-464f-92dd-45f8fd05a28a','2023-10-01','FullUtbetaling','GRUFAGYRKE'),
    ('ved_01HSGN8GWEA5JK6XPG7YQFPYEX','c5a4fb7d-c169-464f-92dd-45f8fd05a28a','2023-10-02','FullUtbetaling','GRUFAGYRKE'),
    ('ved_01HSGN8GWEA5JK6XPG7YQFPYEX','c5a4fb7d-c169-464f-92dd-45f8fd05a28a','2023-10-03','IngenUtbetaling','GRUFAGYRKE'),
    ('ved_01HSGN8GWEA5JK6XPG7YQFPYEX','c5a4fb7d-c169-464f-92dd-45f8fd05a28a','2023-10-04','FullUtbetaling','GRUFAGYRKE'),
    ('ved_01HSGN8GWEA5JK6XPG7YQFPYEX','c5a4fb7d-c169-464f-92dd-45f8fd05a28a','2023-10-05','FullUtbetaling','GRUFAGYRKE'),
    ('ved_01HSGN8GWEA5JK6XPG7YQFPYEX','c5a4fb7d-c169-464f-92dd-45f8fd05a28a','2023-10-06','FullUtbetaling','GRUFAGYRKE'),
    ('ved_01HSGN8GWEA5JK6XPG7YQFPYEX','c5a4fb7d-c169-464f-92dd-45f8fd05a28a','2023-10-07','FullUtbetaling','GRUFAGYRKE'),
    ('ved_01HSGN8GWEA5JK6XPG7YQFPYEX','c5a4fb7d-c169-464f-92dd-45f8fd05a28a','2023-10-08','FullUtbetaling','GRUFAGYRKE'),
    ('ved_01HSGNH1N9MYQV0KFBZT5ZDTBW','c5a4fb7d-c169-464f-92dd-45f8fd05a28a','2023-10-01','FullUtbetaling','GRUFAGYRKE'),
    ('ved_01HSGNH1N9MYQV0KFBZT5ZDTBW','c5a4fb7d-c169-464f-92dd-45f8fd05a28a','2023-10-02','FullUtbetaling','GRUFAGYRKE'),
    ('ved_01HSGNH1N9MYQV0KFBZT5ZDTBW','c5a4fb7d-c169-464f-92dd-45f8fd05a28a','2023-10-03','IngenUtbetaling','GRUFAGYRKE'),
    ('ved_01HSGNH1N9MYQV0KFBZT5ZDTBW','c5a4fb7d-c169-464f-92dd-45f8fd05a28a','2023-10-04','FullUtbetaling','GRUFAGYRKE'),
    ('ved_01HSGNH1N9MYQV0KFBZT5ZDTBW','c5a4fb7d-c169-464f-92dd-45f8fd05a28a','2023-10-05','FullUtbetaling','GRUFAGYRKE'),
    ('ved_01HSGNH1N9MYQV0KFBZT5ZDTBW','c5a4fb7d-c169-464f-92dd-45f8fd05a28a','2023-10-06','FullUtbetaling','GRUFAGYRKE'),
    ('ved_01HSGNH1N9MYQV0KFBZT5ZDTBW','c5a4fb7d-c169-464f-92dd-45f8fd05a28a','2023-10-07','FullUtbetaling','GRUFAGYRKE'),
    ('ved_01HSGNH1N9MYQV0KFBZT5ZDTBW','c5a4fb7d-c169-464f-92dd-45f8fd05a28a','2023-10-08','FullUtbetaling','GRUFAGYRKE'),
    ('ved_01HSGNH1N9MYQV0KFBZT5ZDTBW','6ca756eb-05d3-4d24-a928-5b90d560df40','2023-10-09','FullUtbetaling','GRUFAGYRKE'),
    ('ved_01HSGNH1N9MYQV0KFBZT5ZDTBW','6ca756eb-05d3-4d24-a928-5b90d560df40','2023-10-10','FullUtbetaling','GRUFAGYRKE'),
    ('ved_01HSGNH1N9MYQV0KFBZT5ZDTBW','6ca756eb-05d3-4d24-a928-5b90d560df40','2023-10-11','DelvisUtbetaling','GRUFAGYRKE'),
    ('ved_01HSGNH1N9MYQV0KFBZT5ZDTBW','6ca756eb-05d3-4d24-a928-5b90d560df40','2023-10-12','DelvisUtbetaling','GRUFAGYRKE'),
    ('ved_01HSGNH1N9MYQV0KFBZT5ZDTBW','6ca756eb-05d3-4d24-a928-5b90d560df40','2023-10-13','DelvisUtbetaling','GRUFAGYRKE'),
    ('ved_01HSGNH1N9MYQV0KFBZT5ZDTBW','6ca756eb-05d3-4d24-a928-5b90d560df40','2023-10-14','DelvisUtbetaling','GRUFAGYRKE'),
    ('ved_01HSGNH1N9MYQV0KFBZT5ZDTBW','6ca756eb-05d3-4d24-a928-5b90d560df40','2023-10-15','DelvisUtbetaling','GRUFAGYRKE'),
    ('ved_01HSGNH1N9MYQV0KFBZT5ZDTBW','6ca756eb-05d3-4d24-a928-5b90d560df40','2023-10-16','DelvisUtbetaling','GRUFAGYRKE'),
    ('ved_01HSGNH1N9MYQV0KFBZT5ZDTBW','6ca756eb-05d3-4d24-a928-5b90d560df40','2023-10-17','FullUtbetaling','GRUFAGYRKE'),
    ('ved_01HSGNH1N9MYQV0KFBZT5ZDTBW','6ca756eb-05d3-4d24-a928-5b90d560df40','2023-10-18','FullUtbetaling','GRUFAGYRKE'),
    ('ved_01HSGNH1N9MYQV0KFBZT5ZDTBW','6ca756eb-05d3-4d24-a928-5b90d560df40','2023-10-19','DelvisUtbetaling','GRUFAGYRKE'),
    ('ved_01HSGNH1N9MYQV0KFBZT5ZDTBW','6ca756eb-05d3-4d24-a928-5b90d560df40','2023-10-20','DelvisUtbetaling','GRUFAGYRKE'),
    ('ved_01HSGNH1N9MYQV0KFBZT5ZDTBW','6ca756eb-05d3-4d24-a928-5b90d560df40','2023-10-21','DelvisUtbetaling','GRUFAGYRKE'),
    ('ved_01HSGNH1N9MYQV0KFBZT5ZDTBW','6ca756eb-05d3-4d24-a928-5b90d560df40','2023-10-22','DelvisUtbetaling','GRUFAGYRKE'),
    ('ved_01HSGNP69WYQDGEA58DN8GDFMC','c5a4fb7d-c169-464f-92dd-45f8fd05a28a','2023-10-01','FullUtbetaling','GRUFAGYRKE'),
    ('ved_01HSGNP69WYQDGEA58DN8GDFMC','c5a4fb7d-c169-464f-92dd-45f8fd05a28a','2023-10-02','FullUtbetaling','GRUFAGYRKE'),
    ('ved_01HSGNP69WYQDGEA58DN8GDFMC','c5a4fb7d-c169-464f-92dd-45f8fd05a28a','2023-10-03','IngenUtbetaling','GRUFAGYRKE'),
    ('ved_01HSGNP69WYQDGEA58DN8GDFMC','c5a4fb7d-c169-464f-92dd-45f8fd05a28a','2023-10-04','FullUtbetaling','GRUFAGYRKE'),
    ('ved_01HSGNP69WYQDGEA58DN8GDFMC','c5a4fb7d-c169-464f-92dd-45f8fd05a28a','2023-10-05','FullUtbetaling','GRUFAGYRKE'),
    ('ved_01HSGNP69WYQDGEA58DN8GDFMC','c5a4fb7d-c169-464f-92dd-45f8fd05a28a','2023-10-06','FullUtbetaling','GRUFAGYRKE'),
    ('ved_01HSGNP69WYQDGEA58DN8GDFMC','c5a4fb7d-c169-464f-92dd-45f8fd05a28a','2023-10-07','FullUtbetaling','GRUFAGYRKE'),
    ('ved_01HSGNP69WYQDGEA58DN8GDFMC','c5a4fb7d-c169-464f-92dd-45f8fd05a28a','2023-10-08','FullUtbetaling','GRUFAGYRKE'),
    ('ved_01HSGNP69WYQDGEA58DN8GDFMC','6ca756eb-05d3-4d24-a928-5b90d560df40','2023-10-09','FullUtbetaling','GRUFAGYRKE'),
    ('ved_01HSGNP69WYQDGEA58DN8GDFMC','6ca756eb-05d3-4d24-a928-5b90d560df40','2023-10-10','FullUtbetaling','GRUFAGYRKE'),
    ('ved_01HSGNP69WYQDGEA58DN8GDFMC','6ca756eb-05d3-4d24-a928-5b90d560df40','2023-10-11','DelvisUtbetaling','GRUFAGYRKE'),
    ('ved_01HSGNP69WYQDGEA58DN8GDFMC','6ca756eb-05d3-4d24-a928-5b90d560df40','2023-10-12','DelvisUtbetaling','GRUFAGYRKE'),
    ('ved_01HSGNP69WYQDGEA58DN8GDFMC','6ca756eb-05d3-4d24-a928-5b90d560df40','2023-10-13','DelvisUtbetaling','GRUFAGYRKE'),
    ('ved_01HSGNP69WYQDGEA58DN8GDFMC','6ca756eb-05d3-4d24-a928-5b90d560df40','2023-10-14','DelvisUtbetaling','GRUFAGYRKE'),
    ('ved_01HSGNP69WYQDGEA58DN8GDFMC','6ca756eb-05d3-4d24-a928-5b90d560df40','2023-10-15','DelvisUtbetaling','GRUFAGYRKE'),
    ('ved_01HSGNP69WYQDGEA58DN8GDFMC','6ca756eb-05d3-4d24-a928-5b90d560df40','2023-10-16','DelvisUtbetaling','GRUFAGYRKE'),
    ('ved_01HSGNP69WYQDGEA58DN8GDFMC','6ca756eb-05d3-4d24-a928-5b90d560df40','2023-10-17','FullUtbetaling','GRUFAGYRKE'),
    ('ved_01HSGNP69WYQDGEA58DN8GDFMC','6ca756eb-05d3-4d24-a928-5b90d560df40','2023-10-18','FullUtbetaling','GRUFAGYRKE'),
    ('ved_01HSGNP69WYQDGEA58DN8GDFMC','6ca756eb-05d3-4d24-a928-5b90d560df40','2023-10-19','DelvisUtbetaling','GRUFAGYRKE'),
    ('ved_01HSGNP69WYQDGEA58DN8GDFMC','6ca756eb-05d3-4d24-a928-5b90d560df40','2023-10-20','DelvisUtbetaling','GRUFAGYRKE'),
    ('ved_01HSGNP69WYQDGEA58DN8GDFMC','6ca756eb-05d3-4d24-a928-5b90d560df40','2023-10-21','DelvisUtbetaling','GRUFAGYRKE'),
    ('ved_01HSGNP69WYQDGEA58DN8GDFMC','6ca756eb-05d3-4d24-a928-5b90d560df40','2023-10-22','DelvisUtbetaling','GRUFAGYRKE'),
    ('ved_01HSGNP69WYQDGEA58DN8GDFMC','306a6b80-383b-46d5-9722-31ef2c88d928','2023-10-23','FullUtbetaling','GRUFAGYRKE'),
    ('ved_01HSGNP69WYQDGEA58DN8GDFMC','306a6b80-383b-46d5-9722-31ef2c88d928','2023-10-24','FullUtbetaling','GRUFAGYRKE'),
    ('ved_01HSGNP69WYQDGEA58DN8GDFMC','306a6b80-383b-46d5-9722-31ef2c88d928','2023-10-25','FullUtbetaling','GRUFAGYRKE'),
    ('ved_01HSGNP69WYQDGEA58DN8GDFMC','306a6b80-383b-46d5-9722-31ef2c88d928','2023-10-26','FullUtbetaling','GRUFAGYRKE'),
    ('ved_01HSGNP69WYQDGEA58DN8GDFMC','306a6b80-383b-46d5-9722-31ef2c88d928','2023-10-27','FullUtbetaling','GRUFAGYRKE'),
    ('ved_01HSGNP69WYQDGEA58DN8GDFMC','306a6b80-383b-46d5-9722-31ef2c88d928','2023-10-28','IngenUtbetaling','GRUFAGYRKE'),
    ('ved_01HSGNP69WYQDGEA58DN8GDFMC','306a6b80-383b-46d5-9722-31ef2c88d928','2023-10-29','IngenUtbetaling','GRUFAGYRKE'),
    ('ved_01HSGNP69WYQDGEA58DN8GDFMC','306a6b80-383b-46d5-9722-31ef2c88d928','2023-10-30','IngenUtbetaling','GRUFAGYRKE'),
    ('ved_01HSGNP69WYQDGEA58DN8GDFMC','306a6b80-383b-46d5-9722-31ef2c88d928','2023-10-31','FullUtbetaling','GRUFAGYRKE'),
    ('ved_01HSGNP69WYQDGEA58DN8GDFMC','306a6b80-383b-46d5-9722-31ef2c88d928','2023-11-01','DelvisUtbetaling','GRUFAGYRKE'),
    ('ved_01HSGNP69WYQDGEA58DN8GDFMC','306a6b80-383b-46d5-9722-31ef2c88d928','2023-11-02','DelvisUtbetaling','GRUFAGYRKE'),
    ('ved_01HSGNP69WYQDGEA58DN8GDFMC','306a6b80-383b-46d5-9722-31ef2c88d928','2023-11-03','DelvisUtbetaling','GRUFAGYRKE'),
    ('ved_01HSGNP69WYQDGEA58DN8GDFMC','306a6b80-383b-46d5-9722-31ef2c88d928','2023-11-04','IngenUtbetaling','GRUFAGYRKE'),
    ('ved_01HSGNP69WYQDGEA58DN8GDFMC','306a6b80-383b-46d5-9722-31ef2c88d928','2023-11-05','IngenUtbetaling','GRUFAGYRKE'),
    ('ved_01HSGNV4D8BFAGWXXN6RCD7HS3','c5a4fb7d-c169-464f-92dd-45f8fd05a28a','2023-10-01','FullUtbetaling','GRUFAGYRKE'),
    ('ved_01HSGNV4D8BFAGWXXN6RCD7HS3','c5a4fb7d-c169-464f-92dd-45f8fd05a28a','2023-10-02','FullUtbetaling','GRUFAGYRKE'),
    ('ved_01HSGNV4D8BFAGWXXN6RCD7HS3','c5a4fb7d-c169-464f-92dd-45f8fd05a28a','2023-10-03','IngenUtbetaling','GRUFAGYRKE'),
    ('ved_01HSGNV4D8BFAGWXXN6RCD7HS3','c5a4fb7d-c169-464f-92dd-45f8fd05a28a','2023-10-04','FullUtbetaling','GRUFAGYRKE'),
    ('ved_01HSGNV4D8BFAGWXXN6RCD7HS3','c5a4fb7d-c169-464f-92dd-45f8fd05a28a','2023-10-05','FullUtbetaling','GRUFAGYRKE'),
    ('ved_01HSGNV4D8BFAGWXXN6RCD7HS3','c5a4fb7d-c169-464f-92dd-45f8fd05a28a','2023-10-06','FullUtbetaling','GRUFAGYRKE'),
    ('ved_01HSGNV4D8BFAGWXXN6RCD7HS3','c5a4fb7d-c169-464f-92dd-45f8fd05a28a','2023-10-07','FullUtbetaling','GRUFAGYRKE'),
    ('ved_01HSGNV4D8BFAGWXXN6RCD7HS3','c5a4fb7d-c169-464f-92dd-45f8fd05a28a','2023-10-08','FullUtbetaling','GRUFAGYRKE'),
    ('ved_01HSGNV4D8BFAGWXXN6RCD7HS3','6ca756eb-05d3-4d24-a928-5b90d560df40','2023-10-09','FullUtbetaling','GRUFAGYRKE'),
    ('ved_01HSGNV4D8BFAGWXXN6RCD7HS3','6ca756eb-05d3-4d24-a928-5b90d560df40','2023-10-10','FullUtbetaling','GRUFAGYRKE'),
    ('ved_01HSGNV4D8BFAGWXXN6RCD7HS3','6ca756eb-05d3-4d24-a928-5b90d560df40','2023-10-11','DelvisUtbetaling','GRUFAGYRKE'),
    ('ved_01HSGNV4D8BFAGWXXN6RCD7HS3','6ca756eb-05d3-4d24-a928-5b90d560df40','2023-10-12','DelvisUtbetaling','GRUFAGYRKE'),
    ('ved_01HSGNV4D8BFAGWXXN6RCD7HS3','6ca756eb-05d3-4d24-a928-5b90d560df40','2023-10-13','DelvisUtbetaling','GRUFAGYRKE'),
    ('ved_01HSGNV4D8BFAGWXXN6RCD7HS3','6ca756eb-05d3-4d24-a928-5b90d560df40','2023-10-14','DelvisUtbetaling','GRUFAGYRKE'),
    ('ved_01HSGNV4D8BFAGWXXN6RCD7HS3','6ca756eb-05d3-4d24-a928-5b90d560df40','2023-10-15','DelvisUtbetaling','GRUFAGYRKE'),
    ('ved_01HSGNV4D8BFAGWXXN6RCD7HS3','6ca756eb-05d3-4d24-a928-5b90d560df40','2023-10-16','DelvisUtbetaling','GRUFAGYRKE'),
    ('ved_01HSGNV4D8BFAGWXXN6RCD7HS3','6ca756eb-05d3-4d24-a928-5b90d560df40','2023-10-17','FullUtbetaling','GRUFAGYRKE'),
    ('ved_01HSGNV4D8BFAGWXXN6RCD7HS3','6ca756eb-05d3-4d24-a928-5b90d560df40','2023-10-18','FullUtbetaling','GRUFAGYRKE'),
    ('ved_01HSGNV4D8BFAGWXXN6RCD7HS3','6ca756eb-05d3-4d24-a928-5b90d560df40','2023-10-19','DelvisUtbetaling','GRUFAGYRKE'),
    ('ved_01HSGNV4D8BFAGWXXN6RCD7HS3','6ca756eb-05d3-4d24-a928-5b90d560df40','2023-10-20','DelvisUtbetaling','GRUFAGYRKE'),
    ('ved_01HSGNV4D8BFAGWXXN6RCD7HS3','6ca756eb-05d3-4d24-a928-5b90d560df40','2023-10-21','DelvisUtbetaling','GRUFAGYRKE'),
    ('ved_01HSGNV4D8BFAGWXXN6RCD7HS3','6ca756eb-05d3-4d24-a928-5b90d560df40','2023-10-22','DelvisUtbetaling','GRUFAGYRKE'),
    ('ved_01HSGNV4D8BFAGWXXN6RCD7HS3','306a6b80-383b-46d5-9722-31ef2c88d928','2023-10-23','FullUtbetaling','GRUFAGYRKE'),
    ('ved_01HSGNV4D8BFAGWXXN6RCD7HS3','306a6b80-383b-46d5-9722-31ef2c88d928','2023-10-24','FullUtbetaling','GRUFAGYRKE'),
    ('ved_01HSGNV4D8BFAGWXXN6RCD7HS3','306a6b80-383b-46d5-9722-31ef2c88d928','2023-10-25','FullUtbetaling','GRUFAGYRKE'),
    ('ved_01HSGNV4D8BFAGWXXN6RCD7HS3','306a6b80-383b-46d5-9722-31ef2c88d928','2023-10-26','FullUtbetaling','GRUFAGYRKE'),
    ('ved_01HSGNV4D8BFAGWXXN6RCD7HS3','306a6b80-383b-46d5-9722-31ef2c88d928','2023-10-27','FullUtbetaling','GRUFAGYRKE'),
    ('ved_01HSGNV4D8BFAGWXXN6RCD7HS3','306a6b80-383b-46d5-9722-31ef2c88d928','2023-10-28','IngenUtbetaling','GRUFAGYRKE'),
    ('ved_01HSGNV4D8BFAGWXXN6RCD7HS3','306a6b80-383b-46d5-9722-31ef2c88d928','2023-10-29','IngenUtbetaling','GRUFAGYRKE'),
    ('ved_01HSGNV4D8BFAGWXXN6RCD7HS3','306a6b80-383b-46d5-9722-31ef2c88d928','2023-10-30','IngenUtbetaling','GRUFAGYRKE'),
    ('ved_01HSGNV4D8BFAGWXXN6RCD7HS3','306a6b80-383b-46d5-9722-31ef2c88d928','2023-10-31','FullUtbetaling','GRUFAGYRKE'),
    ('ved_01HSGNV4D8BFAGWXXN6RCD7HS3','306a6b80-383b-46d5-9722-31ef2c88d928','2023-11-01','DelvisUtbetaling','GRUFAGYRKE'),
    ('ved_01HSGNV4D8BFAGWXXN6RCD7HS3','306a6b80-383b-46d5-9722-31ef2c88d928','2023-11-02','DelvisUtbetaling','GRUFAGYRKE'),
    ('ved_01HSGNV4D8BFAGWXXN6RCD7HS3','306a6b80-383b-46d5-9722-31ef2c88d928','2023-11-03','DelvisUtbetaling','GRUFAGYRKE'),
    ('ved_01HSGNV4D8BFAGWXXN6RCD7HS3','306a6b80-383b-46d5-9722-31ef2c88d928','2023-11-04','IngenUtbetaling','GRUFAGYRKE'),
    ('ved_01HSGNV4D8BFAGWXXN6RCD7HS3','306a6b80-383b-46d5-9722-31ef2c88d928','2023-11-05','IngenUtbetaling','GRUFAGYRKE'),
    ('ved_01HSGNV4D8BFAGWXXN6RCD7HS3','9adac251-b8ef-4c94-be7f-de453862d223','2023-11-06','IngenUtbetaling','GRUFAGYRKE'),
    ('ved_01HSGNV4D8BFAGWXXN6RCD7HS3','9adac251-b8ef-4c94-be7f-de453862d223','2023-11-07','FullUtbetaling','GRUFAGYRKE'),
    ('ved_01HSGNV4D8BFAGWXXN6RCD7HS3','9adac251-b8ef-4c94-be7f-de453862d223','2023-11-08','FullUtbetaling','GRUFAGYRKE'),
    ('ved_01HSGNV4D8BFAGWXXN6RCD7HS3','9adac251-b8ef-4c94-be7f-de453862d223','2023-11-09','FullUtbetaling','GRUFAGYRKE'),
    ('ved_01HSGNV4D8BFAGWXXN6RCD7HS3','9adac251-b8ef-4c94-be7f-de453862d223','2023-11-10','FullUtbetaling','GRUFAGYRKE'),
    ('ved_01HSGNV4D8BFAGWXXN6RCD7HS3','9adac251-b8ef-4c94-be7f-de453862d223','2023-11-11','IngenUtbetaling','GRUFAGYRKE'),
    ('ved_01HSGNV4D8BFAGWXXN6RCD7HS3','9adac251-b8ef-4c94-be7f-de453862d223','2023-11-12','IngenUtbetaling','GRUFAGYRKE'),
    ('ved_01HSGNV4D8BFAGWXXN6RCD7HS3','9adac251-b8ef-4c94-be7f-de453862d223','2023-11-13','FullUtbetaling','GRUFAGYRKE'),
    ('ved_01HSGNV4D8BFAGWXXN6RCD7HS3','9adac251-b8ef-4c94-be7f-de453862d223','2023-11-14','FullUtbetaling','GRUFAGYRKE'),
    ('ved_01HSGNV4D8BFAGWXXN6RCD7HS3','9adac251-b8ef-4c94-be7f-de453862d223','2023-11-15','IngenUtbetaling','GRUFAGYRKE'),
    ('ved_01HSGNV4D8BFAGWXXN6RCD7HS3','9adac251-b8ef-4c94-be7f-de453862d223','2023-11-16','IngenUtbetaling','GRUFAGYRKE'),
    ('ved_01HSGNV4D8BFAGWXXN6RCD7HS3','9adac251-b8ef-4c94-be7f-de453862d223','2023-11-17','FullUtbetaling','GRUFAGYRKE'),
    ('ved_01HSGNV4D8BFAGWXXN6RCD7HS3','9adac251-b8ef-4c94-be7f-de453862d223','2023-11-18','IngenUtbetaling','GRUFAGYRKE'),
    ('ved_01HSGNV4D8BFAGWXXN6RCD7HS3','9adac251-b8ef-4c94-be7f-de453862d223','2023-11-19','FullUtbetaling','GRUFAGYRKE'),
    ('ved_01HSGNZFYMNX2PQSS4GSSNQC7V','c5a4fb7d-c169-464f-92dd-45f8fd05a28a','2023-10-01','FullUtbetaling','GRUFAGYRKE'),
    ('ved_01HSGNZFYMNX2PQSS4GSSNQC7V','c5a4fb7d-c169-464f-92dd-45f8fd05a28a','2023-10-02','FullUtbetaling','GRUFAGYRKE'),
    ('ved_01HSGNZFYMNX2PQSS4GSSNQC7V','c5a4fb7d-c169-464f-92dd-45f8fd05a28a','2023-10-03','IngenUtbetaling','GRUFAGYRKE'),
    ('ved_01HSGNZFYMNX2PQSS4GSSNQC7V','c5a4fb7d-c169-464f-92dd-45f8fd05a28a','2023-10-04','FullUtbetaling','GRUFAGYRKE'),
    ('ved_01HSGNZFYMNX2PQSS4GSSNQC7V','c5a4fb7d-c169-464f-92dd-45f8fd05a28a','2023-10-05','FullUtbetaling','GRUFAGYRKE'),
    ('ved_01HSGNZFYMNX2PQSS4GSSNQC7V','c5a4fb7d-c169-464f-92dd-45f8fd05a28a','2023-10-06','FullUtbetaling','GRUFAGYRKE'),
    ('ved_01HSGNZFYMNX2PQSS4GSSNQC7V','c5a4fb7d-c169-464f-92dd-45f8fd05a28a','2023-10-07','FullUtbetaling','GRUFAGYRKE'),
    ('ved_01HSGNZFYMNX2PQSS4GSSNQC7V','c5a4fb7d-c169-464f-92dd-45f8fd05a28a','2023-10-08','FullUtbetaling','GRUFAGYRKE'),
    ('ved_01HSGNZFYMNX2PQSS4GSSNQC7V','6ca756eb-05d3-4d24-a928-5b90d560df40','2023-10-09','FullUtbetaling','GRUFAGYRKE'),
    ('ved_01HSGNZFYMNX2PQSS4GSSNQC7V','6ca756eb-05d3-4d24-a928-5b90d560df40','2023-10-10','FullUtbetaling','GRUFAGYRKE'),
    ('ved_01HSGNZFYMNX2PQSS4GSSNQC7V','6ca756eb-05d3-4d24-a928-5b90d560df40','2023-10-11','DelvisUtbetaling','GRUFAGYRKE'),
    ('ved_01HSGNZFYMNX2PQSS4GSSNQC7V','6ca756eb-05d3-4d24-a928-5b90d560df40','2023-10-12','DelvisUtbetaling','GRUFAGYRKE'),
    ('ved_01HSGNZFYMNX2PQSS4GSSNQC7V','6ca756eb-05d3-4d24-a928-5b90d560df40','2023-10-13','DelvisUtbetaling','GRUFAGYRKE'),
    ('ved_01HSGNZFYMNX2PQSS4GSSNQC7V','6ca756eb-05d3-4d24-a928-5b90d560df40','2023-10-14','DelvisUtbetaling','GRUFAGYRKE'),
    ('ved_01HSGNZFYMNX2PQSS4GSSNQC7V','6ca756eb-05d3-4d24-a928-5b90d560df40','2023-10-15','DelvisUtbetaling','GRUFAGYRKE'),
    ('ved_01HSGNZFYMNX2PQSS4GSSNQC7V','6ca756eb-05d3-4d24-a928-5b90d560df40','2023-10-16','DelvisUtbetaling','GRUFAGYRKE'),
    ('ved_01HSGNZFYMNX2PQSS4GSSNQC7V','6ca756eb-05d3-4d24-a928-5b90d560df40','2023-10-17','FullUtbetaling','GRUFAGYRKE'),
    ('ved_01HSGNZFYMNX2PQSS4GSSNQC7V','6ca756eb-05d3-4d24-a928-5b90d560df40','2023-10-18','FullUtbetaling','GRUFAGYRKE'),
    ('ved_01HSGNZFYMNX2PQSS4GSSNQC7V','6ca756eb-05d3-4d24-a928-5b90d560df40','2023-10-19','DelvisUtbetaling','GRUFAGYRKE'),
    ('ved_01HSGNZFYMNX2PQSS4GSSNQC7V','6ca756eb-05d3-4d24-a928-5b90d560df40','2023-10-20','DelvisUtbetaling','GRUFAGYRKE'),
    ('ved_01HSGNZFYMNX2PQSS4GSSNQC7V','6ca756eb-05d3-4d24-a928-5b90d560df40','2023-10-21','DelvisUtbetaling','GRUFAGYRKE'),
    ('ved_01HSGNZFYMNX2PQSS4GSSNQC7V','6ca756eb-05d3-4d24-a928-5b90d560df40','2023-10-22','DelvisUtbetaling','GRUFAGYRKE'),
    ('ved_01HSGNZFYMNX2PQSS4GSSNQC7V','306a6b80-383b-46d5-9722-31ef2c88d928','2023-10-23','FullUtbetaling','GRUFAGYRKE'),
    ('ved_01HSGNZFYMNX2PQSS4GSSNQC7V','306a6b80-383b-46d5-9722-31ef2c88d928','2023-10-24','FullUtbetaling','GRUFAGYRKE'),
    ('ved_01HSGNZFYMNX2PQSS4GSSNQC7V','306a6b80-383b-46d5-9722-31ef2c88d928','2023-10-25','FullUtbetaling','GRUFAGYRKE'),
    ('ved_01HSGNZFYMNX2PQSS4GSSNQC7V','306a6b80-383b-46d5-9722-31ef2c88d928','2023-10-26','FullUtbetaling','GRUFAGYRKE'),
    ('ved_01HSGNZFYMNX2PQSS4GSSNQC7V','306a6b80-383b-46d5-9722-31ef2c88d928','2023-10-27','FullUtbetaling','GRUFAGYRKE'),
    ('ved_01HSGNZFYMNX2PQSS4GSSNQC7V','306a6b80-383b-46d5-9722-31ef2c88d928','2023-10-28','IngenUtbetaling','GRUFAGYRKE'),
    ('ved_01HSGNZFYMNX2PQSS4GSSNQC7V','306a6b80-383b-46d5-9722-31ef2c88d928','2023-10-29','IngenUtbetaling','GRUFAGYRKE'),
    ('ved_01HSGNZFYMNX2PQSS4GSSNQC7V','306a6b80-383b-46d5-9722-31ef2c88d928','2023-10-30','IngenUtbetaling','GRUFAGYRKE'),
    ('ved_01HSGNZFYMNX2PQSS4GSSNQC7V','306a6b80-383b-46d5-9722-31ef2c88d928','2023-10-31','FullUtbetaling','GRUFAGYRKE'),
    ('ved_01HSGNZFYMNX2PQSS4GSSNQC7V','306a6b80-383b-46d5-9722-31ef2c88d928','2023-11-01','DelvisUtbetaling','GRUFAGYRKE'),
    ('ved_01HSGNZFYMNX2PQSS4GSSNQC7V','306a6b80-383b-46d5-9722-31ef2c88d928','2023-11-02','DelvisUtbetaling','GRUFAGYRKE'),
    ('ved_01HSGNZFYMNX2PQSS4GSSNQC7V','306a6b80-383b-46d5-9722-31ef2c88d928','2023-11-03','DelvisUtbetaling','GRUFAGYRKE'),
    ('ved_01HSGNZFYMNX2PQSS4GSSNQC7V','306a6b80-383b-46d5-9722-31ef2c88d928','2023-11-04','IngenUtbetaling','GRUFAGYRKE'),
    ('ved_01HSGNZFYMNX2PQSS4GSSNQC7V','306a6b80-383b-46d5-9722-31ef2c88d928','2023-11-05','IngenUtbetaling','GRUFAGYRKE'),
    ('ved_01HSGNZFYMNX2PQSS4GSSNQC7V','9adac251-b8ef-4c94-be7f-de453862d223','2023-11-06','IngenUtbetaling','GRUFAGYRKE'),
    ('ved_01HSGNZFYMNX2PQSS4GSSNQC7V','9adac251-b8ef-4c94-be7f-de453862d223','2023-11-07','FullUtbetaling','GRUFAGYRKE'),
    ('ved_01HSGNZFYMNX2PQSS4GSSNQC7V','9adac251-b8ef-4c94-be7f-de453862d223','2023-11-08','FullUtbetaling','GRUFAGYRKE'),
    ('ved_01HSGNZFYMNX2PQSS4GSSNQC7V','9adac251-b8ef-4c94-be7f-de453862d223','2023-11-09','FullUtbetaling','GRUFAGYRKE'),
    ('ved_01HSGNZFYMNX2PQSS4GSSNQC7V','9adac251-b8ef-4c94-be7f-de453862d223','2023-11-10','FullUtbetaling','GRUFAGYRKE'),
    ('ved_01HSGNZFYMNX2PQSS4GSSNQC7V','9adac251-b8ef-4c94-be7f-de453862d223','2023-11-11','IngenUtbetaling','GRUFAGYRKE'),
    ('ved_01HSGNZFYMNX2PQSS4GSSNQC7V','9adac251-b8ef-4c94-be7f-de453862d223','2023-11-12','IngenUtbetaling','GRUFAGYRKE'),
    ('ved_01HSGNZFYMNX2PQSS4GSSNQC7V','9adac251-b8ef-4c94-be7f-de453862d223','2023-11-13','FullUtbetaling','GRUFAGYRKE'),
    ('ved_01HSGNZFYMNX2PQSS4GSSNQC7V','9adac251-b8ef-4c94-be7f-de453862d223','2023-11-14','FullUtbetaling','GRUFAGYRKE'),
    ('ved_01HSGNZFYMNX2PQSS4GSSNQC7V','9adac251-b8ef-4c94-be7f-de453862d223','2023-11-15','IngenUtbetaling','GRUFAGYRKE'),
    ('ved_01HSGNZFYMNX2PQSS4GSSNQC7V','9adac251-b8ef-4c94-be7f-de453862d223','2023-11-16','IngenUtbetaling','GRUFAGYRKE'),
    ('ved_01HSGNZFYMNX2PQSS4GSSNQC7V','9adac251-b8ef-4c94-be7f-de453862d223','2023-11-17','FullUtbetaling','GRUFAGYRKE'),
    ('ved_01HSGNZFYMNX2PQSS4GSSNQC7V','9adac251-b8ef-4c94-be7f-de453862d223','2023-11-18','IngenUtbetaling','GRUFAGYRKE'),
    ('ved_01HSGNZFYMNX2PQSS4GSSNQC7V','9adac251-b8ef-4c94-be7f-de453862d223','2023-11-19','FullUtbetaling','GRUFAGYRKE'),
    ('ved_01HSGNZFYMNX2PQSS4GSSNQC7V','02db3148-2a0a-4911-8b49-ddc10891086d','2023-11-20','IngenUtbetaling','GRUFAGYRKE'),
    ('ved_01HSGNZFYMNX2PQSS4GSSNQC7V','02db3148-2a0a-4911-8b49-ddc10891086d','2023-11-21','FullUtbetaling','GRUFAGYRKE'),
    ('ved_01HSGNZFYMNX2PQSS4GSSNQC7V','02db3148-2a0a-4911-8b49-ddc10891086d','2023-11-22','FullUtbetaling','GRUFAGYRKE'),
    ('ved_01HSGNZFYMNX2PQSS4GSSNQC7V','02db3148-2a0a-4911-8b49-ddc10891086d','2023-11-23','FullUtbetaling','GRUFAGYRKE'),
    ('ved_01HSGNZFYMNX2PQSS4GSSNQC7V','02db3148-2a0a-4911-8b49-ddc10891086d','2023-11-24','FullUtbetaling','GRUFAGYRKE'),
    ('ved_01HSGNZFYMNX2PQSS4GSSNQC7V','02db3148-2a0a-4911-8b49-ddc10891086d','2023-11-25','IngenUtbetaling','GRUFAGYRKE'),
    ('ved_01HSGNZFYMNX2PQSS4GSSNQC7V','02db3148-2a0a-4911-8b49-ddc10891086d','2023-11-26','IngenUtbetaling','GRUFAGYRKE'),
    ('ved_01HSGNZFYMNX2PQSS4GSSNQC7V','02db3148-2a0a-4911-8b49-ddc10891086d','2023-11-27','FullUtbetaling','GRUFAGYRKE'),
    ('ved_01HSGNZFYMNX2PQSS4GSSNQC7V','02db3148-2a0a-4911-8b49-ddc10891086d','2023-11-28','FullUtbetaling','GRUFAGYRKE'),
    ('ved_01HSGNZFYMNX2PQSS4GSSNQC7V','02db3148-2a0a-4911-8b49-ddc10891086d','2023-11-29','FullUtbetaling','GRUFAGYRKE'),
    ('ved_01HSGNZFYMNX2PQSS4GSSNQC7V','02db3148-2a0a-4911-8b49-ddc10891086d','2023-11-30','FullUtbetaling','GRUFAGYRKE'),
    ('ved_01HSGNZFYMNX2PQSS4GSSNQC7V','02db3148-2a0a-4911-8b49-ddc10891086d','2023-12-01','FullUtbetaling','GRUFAGYRKE'),
    ('ved_01HSGNZFYMNX2PQSS4GSSNQC7V','02db3148-2a0a-4911-8b49-ddc10891086d','2023-12-02','IngenUtbetaling','GRUFAGYRKE'),
    ('ved_01HSGNZFYMNX2PQSS4GSSNQC7V','02db3148-2a0a-4911-8b49-ddc10891086d','2023-12-03','IngenUtbetaling','GRUFAGYRKE'),
    ('ved_01HSJZ10JZGFDMGDM0JM74PA00','7db368b7-3cbc-4d40-8b8c-5d71bb608c88','2024-01-01','FullUtbetaling','ENKFAGYRKE'),
    ('ved_01HSJZ10JZGFDMGDM0JM74PA00','7db368b7-3cbc-4d40-8b8c-5d71bb608c88','2024-01-02','FullUtbetaling','ENKFAGYRKE'),
    ('ved_01HSJZ10JZGFDMGDM0JM74PA00','7db368b7-3cbc-4d40-8b8c-5d71bb608c88','2024-01-03','FullUtbetaling','ENKFAGYRKE'),
    ('ved_01HSJZ10JZGFDMGDM0JM74PA00','7db368b7-3cbc-4d40-8b8c-5d71bb608c88','2024-01-04','FullUtbetaling','ENKFAGYRKE'),
    ('ved_01HSJZ10JZGFDMGDM0JM74PA00','7db368b7-3cbc-4d40-8b8c-5d71bb608c88','2024-01-05','FullUtbetaling','ENKFAGYRKE'),
    ('ved_01HSJZ10JZGFDMGDM0JM74PA00','7db368b7-3cbc-4d40-8b8c-5d71bb608c88','2024-01-06','IngenUtbetaling','ENKFAGYRKE'),
    ('ved_01HSJZ10JZGFDMGDM0JM74PA00','7db368b7-3cbc-4d40-8b8c-5d71bb608c88','2024-01-07','IngenUtbetaling','ENKFAGYRKE'),
    ('ved_01HSJZ10JZGFDMGDM0JM74PA00','7db368b7-3cbc-4d40-8b8c-5d71bb608c88','2024-01-08','FullUtbetaling','ENKFAGYRKE'),
    ('ved_01HSJZ10JZGFDMGDM0JM74PA00','7db368b7-3cbc-4d40-8b8c-5d71bb608c88','2024-01-09','FullUtbetaling','ENKFAGYRKE'),
    ('ved_01HSJZ10JZGFDMGDM0JM74PA00','7db368b7-3cbc-4d40-8b8c-5d71bb608c88','2024-01-10','DelvisUtbetaling','ENKFAGYRKE'),
    ('ved_01HSJZ10JZGFDMGDM0JM74PA00','7db368b7-3cbc-4d40-8b8c-5d71bb608c88','2024-01-11','DelvisUtbetaling','ENKFAGYRKE'),
    ('ved_01HSJZ10JZGFDMGDM0JM74PA00','7db368b7-3cbc-4d40-8b8c-5d71bb608c88','2024-01-12','DelvisUtbetaling','ENKFAGYRKE'),
    ('ved_01HSJZ10JZGFDMGDM0JM74PA00','7db368b7-3cbc-4d40-8b8c-5d71bb608c88','2024-01-13','IngenUtbetaling','ENKFAGYRKE'),
    ('ved_01HSJZ10JZGFDMGDM0JM74PA00','7db368b7-3cbc-4d40-8b8c-5d71bb608c88','2024-01-14','IngenUtbetaling','ENKFAGYRKE'),
    ('ved_01HSJZ621WZ9MXBA6G2YC5QGHR','7db368b7-3cbc-4d40-8b8c-5d71bb608c88','2024-01-01','FullUtbetaling','ENKFAGYRKE'),
    ('ved_01HSJZ621WZ9MXBA6G2YC5QGHR','7db368b7-3cbc-4d40-8b8c-5d71bb608c88','2024-01-02','FullUtbetaling','ENKFAGYRKE'),
    ('ved_01HSJZ621WZ9MXBA6G2YC5QGHR','7db368b7-3cbc-4d40-8b8c-5d71bb608c88','2024-01-03','FullUtbetaling','ENKFAGYRKE'),
    ('ved_01HSJZ621WZ9MXBA6G2YC5QGHR','7db368b7-3cbc-4d40-8b8c-5d71bb608c88','2024-01-04','FullUtbetaling','ENKFAGYRKE'),
    ('ved_01HSJZ621WZ9MXBA6G2YC5QGHR','7db368b7-3cbc-4d40-8b8c-5d71bb608c88','2024-01-05','FullUtbetaling','ENKFAGYRKE'),
    ('ved_01HSJZ621WZ9MXBA6G2YC5QGHR','7db368b7-3cbc-4d40-8b8c-5d71bb608c88','2024-01-06','IngenUtbetaling','ENKFAGYRKE'),
    ('ved_01HSJZ621WZ9MXBA6G2YC5QGHR','7db368b7-3cbc-4d40-8b8c-5d71bb608c88','2024-01-07','IngenUtbetaling','ENKFAGYRKE'),
    ('ved_01HSJZ621WZ9MXBA6G2YC5QGHR','7db368b7-3cbc-4d40-8b8c-5d71bb608c88','2024-01-08','FullUtbetaling','ENKFAGYRKE'),
    ('ved_01HSJZ621WZ9MXBA6G2YC5QGHR','7db368b7-3cbc-4d40-8b8c-5d71bb608c88','2024-01-09','FullUtbetaling','ENKFAGYRKE'),
    ('ved_01HSJZ621WZ9MXBA6G2YC5QGHR','7db368b7-3cbc-4d40-8b8c-5d71bb608c88','2024-01-10','DelvisUtbetaling','ENKFAGYRKE'),
    ('ved_01HSJZ621WZ9MXBA6G2YC5QGHR','7db368b7-3cbc-4d40-8b8c-5d71bb608c88','2024-01-11','DelvisUtbetaling','ENKFAGYRKE'),
    ('ved_01HSJZ621WZ9MXBA6G2YC5QGHR','7db368b7-3cbc-4d40-8b8c-5d71bb608c88','2024-01-12','DelvisUtbetaling','ENKFAGYRKE'),
    ('ved_01HSJZ621WZ9MXBA6G2YC5QGHR','7db368b7-3cbc-4d40-8b8c-5d71bb608c88','2024-01-13','IngenUtbetaling','ENKFAGYRKE'),
    ('ved_01HSJZ621WZ9MXBA6G2YC5QGHR','7db368b7-3cbc-4d40-8b8c-5d71bb608c88','2024-01-14','IngenUtbetaling','ENKFAGYRKE'),
    ('ved_01HSJZ621WZ9MXBA6G2YC5QGHR','9dc5efed-82cb-4ae1-92ca-6582367fa7de','2024-01-15','DelvisUtbetaling','ENKFAGYRKE'),
    ('ved_01HSJZ621WZ9MXBA6G2YC5QGHR','9dc5efed-82cb-4ae1-92ca-6582367fa7de','2024-01-16','DelvisUtbetaling','ENKFAGYRKE'),
    ('ved_01HSJZ621WZ9MXBA6G2YC5QGHR','9dc5efed-82cb-4ae1-92ca-6582367fa7de','2024-01-17','DelvisUtbetaling','ENKFAGYRKE'),
    ('ved_01HSJZ621WZ9MXBA6G2YC5QGHR','9dc5efed-82cb-4ae1-92ca-6582367fa7de','2024-01-18','FullUtbetaling','ENKFAGYRKE'),
    ('ved_01HSJZ621WZ9MXBA6G2YC5QGHR','9dc5efed-82cb-4ae1-92ca-6582367fa7de','2024-01-19','FullUtbetaling','ENKFAGYRKE'),
    ('ved_01HSJZ621WZ9MXBA6G2YC5QGHR','9dc5efed-82cb-4ae1-92ca-6582367fa7de','2024-01-20','IngenUtbetaling','ENKFAGYRKE'),
    ('ved_01HSJZ621WZ9MXBA6G2YC5QGHR','9dc5efed-82cb-4ae1-92ca-6582367fa7de','2024-01-21','IngenUtbetaling','ENKFAGYRKE'),
    ('ved_01HSJZ621WZ9MXBA6G2YC5QGHR','9dc5efed-82cb-4ae1-92ca-6582367fa7de','2024-01-22','DelvisUtbetaling','ENKFAGYRKE'),
    ('ved_01HSJZ621WZ9MXBA6G2YC5QGHR','9dc5efed-82cb-4ae1-92ca-6582367fa7de','2024-01-23','DelvisUtbetaling','ENKFAGYRKE'),
    ('ved_01HSJZ621WZ9MXBA6G2YC5QGHR','9dc5efed-82cb-4ae1-92ca-6582367fa7de','2024-01-24','DelvisUtbetaling','ENKFAGYRKE'),
    ('ved_01HSJZ621WZ9MXBA6G2YC5QGHR','9dc5efed-82cb-4ae1-92ca-6582367fa7de','2024-01-25','FullUtbetaling','ENKFAGYRKE'),
    ('ved_01HSJZ621WZ9MXBA6G2YC5QGHR','9dc5efed-82cb-4ae1-92ca-6582367fa7de','2024-01-26','FullUtbetaling','ENKFAGYRKE'),
    ('ved_01HSJZ621WZ9MXBA6G2YC5QGHR','9dc5efed-82cb-4ae1-92ca-6582367fa7de','2024-01-27','IngenUtbetaling','ENKFAGYRKE'),
    ('ved_01HSJZ621WZ9MXBA6G2YC5QGHR','9dc5efed-82cb-4ae1-92ca-6582367fa7de','2024-01-28','IngenUtbetaling','ENKFAGYRKE'),
    ('ved_01HSJZ96W22Q7QR840H5N3PSJC','7db368b7-3cbc-4d40-8b8c-5d71bb608c88','2024-01-01','FullUtbetaling','ENKFAGYRKE'),
    ('ved_01HSJZ96W22Q7QR840H5N3PSJC','7db368b7-3cbc-4d40-8b8c-5d71bb608c88','2024-01-02','FullUtbetaling','ENKFAGYRKE'),
    ('ved_01HSJZ96W22Q7QR840H5N3PSJC','7db368b7-3cbc-4d40-8b8c-5d71bb608c88','2024-01-03','FullUtbetaling','ENKFAGYRKE'),
    ('ved_01HSJZ96W22Q7QR840H5N3PSJC','7db368b7-3cbc-4d40-8b8c-5d71bb608c88','2024-01-04','FullUtbetaling','ENKFAGYRKE'),
    ('ved_01HSJZ96W22Q7QR840H5N3PSJC','7db368b7-3cbc-4d40-8b8c-5d71bb608c88','2024-01-05','FullUtbetaling','ENKFAGYRKE'),
    ('ved_01HSJZ96W22Q7QR840H5N3PSJC','7db368b7-3cbc-4d40-8b8c-5d71bb608c88','2024-01-06','IngenUtbetaling','ENKFAGYRKE'),
    ('ved_01HSJZ96W22Q7QR840H5N3PSJC','7db368b7-3cbc-4d40-8b8c-5d71bb608c88','2024-01-07','IngenUtbetaling','ENKFAGYRKE'),
    ('ved_01HSJZ96W22Q7QR840H5N3PSJC','7db368b7-3cbc-4d40-8b8c-5d71bb608c88','2024-01-08','FullUtbetaling','ENKFAGYRKE'),
    ('ved_01HSJZ96W22Q7QR840H5N3PSJC','7db368b7-3cbc-4d40-8b8c-5d71bb608c88','2024-01-09','FullUtbetaling','ENKFAGYRKE'),
    ('ved_01HSJZ96W22Q7QR840H5N3PSJC','7db368b7-3cbc-4d40-8b8c-5d71bb608c88','2024-01-10','DelvisUtbetaling','ENKFAGYRKE'),
    ('ved_01HSJZ96W22Q7QR840H5N3PSJC','7db368b7-3cbc-4d40-8b8c-5d71bb608c88','2024-01-11','DelvisUtbetaling','ENKFAGYRKE'),
    ('ved_01HSJZ96W22Q7QR840H5N3PSJC','7db368b7-3cbc-4d40-8b8c-5d71bb608c88','2024-01-12','DelvisUtbetaling','ENKFAGYRKE'),
    ('ved_01HSJZ96W22Q7QR840H5N3PSJC','7db368b7-3cbc-4d40-8b8c-5d71bb608c88','2024-01-13','IngenUtbetaling','ENKFAGYRKE'),
    ('ved_01HSJZ96W22Q7QR840H5N3PSJC','7db368b7-3cbc-4d40-8b8c-5d71bb608c88','2024-01-14','IngenUtbetaling','ENKFAGYRKE'),
    ('ved_01HSJZ96W22Q7QR840H5N3PSJC','9dc5efed-82cb-4ae1-92ca-6582367fa7de','2024-01-15','DelvisUtbetaling','ENKFAGYRKE'),
    ('ved_01HSJZ96W22Q7QR840H5N3PSJC','9dc5efed-82cb-4ae1-92ca-6582367fa7de','2024-01-16','DelvisUtbetaling','ENKFAGYRKE'),
    ('ved_01HSJZ96W22Q7QR840H5N3PSJC','9dc5efed-82cb-4ae1-92ca-6582367fa7de','2024-01-17','DelvisUtbetaling','ENKFAGYRKE'),
    ('ved_01HSJZ96W22Q7QR840H5N3PSJC','9dc5efed-82cb-4ae1-92ca-6582367fa7de','2024-01-18','FullUtbetaling','ENKFAGYRKE'),
    ('ved_01HSJZ96W22Q7QR840H5N3PSJC','9dc5efed-82cb-4ae1-92ca-6582367fa7de','2024-01-19','FullUtbetaling','ENKFAGYRKE'),
    ('ved_01HSJZ96W22Q7QR840H5N3PSJC','9dc5efed-82cb-4ae1-92ca-6582367fa7de','2024-01-20','IngenUtbetaling','ENKFAGYRKE'),
    ('ved_01HSJZ96W22Q7QR840H5N3PSJC','9dc5efed-82cb-4ae1-92ca-6582367fa7de','2024-01-21','IngenUtbetaling','ENKFAGYRKE'),
    ('ved_01HSJZ96W22Q7QR840H5N3PSJC','9dc5efed-82cb-4ae1-92ca-6582367fa7de','2024-01-22','DelvisUtbetaling','ENKFAGYRKE'),
    ('ved_01HSJZ96W22Q7QR840H5N3PSJC','9dc5efed-82cb-4ae1-92ca-6582367fa7de','2024-01-23','DelvisUtbetaling','ENKFAGYRKE'),
    ('ved_01HSJZ96W22Q7QR840H5N3PSJC','9dc5efed-82cb-4ae1-92ca-6582367fa7de','2024-01-24','DelvisUtbetaling','ENKFAGYRKE'),
    ('ved_01HSJZ96W22Q7QR840H5N3PSJC','9dc5efed-82cb-4ae1-92ca-6582367fa7de','2024-01-25','FullUtbetaling','ENKFAGYRKE'),
    ('ved_01HSJZ96W22Q7QR840H5N3PSJC','9dc5efed-82cb-4ae1-92ca-6582367fa7de','2024-01-26','FullUtbetaling','ENKFAGYRKE'),
    ('ved_01HSJZ96W22Q7QR840H5N3PSJC','9dc5efed-82cb-4ae1-92ca-6582367fa7de','2024-01-27','IngenUtbetaling','ENKFAGYRKE'),
    ('ved_01HSJZ96W22Q7QR840H5N3PSJC','9dc5efed-82cb-4ae1-92ca-6582367fa7de','2024-01-28','IngenUtbetaling','ENKFAGYRKE'),
    ('ved_01HSJZ96W22Q7QR840H5N3PSJC','26e3045a-22e5-4a48-b61a-b96c54040bc5','2024-01-29','FullUtbetaling','ENKFAGYRKE'),
    ('ved_01HSJZ96W22Q7QR840H5N3PSJC','26e3045a-22e5-4a48-b61a-b96c54040bc5','2024-01-30','DelvisUtbetaling','ENKFAGYRKE'),
    ('ved_01HSJZ96W22Q7QR840H5N3PSJC','26e3045a-22e5-4a48-b61a-b96c54040bc5','2024-01-31','DelvisUtbetaling','ENKFAGYRKE'),
    ('ved_01HSJZ96W22Q7QR840H5N3PSJC','26e3045a-22e5-4a48-b61a-b96c54040bc5','2024-02-01','DelvisUtbetaling','ENKFAGYRKE'),
    ('ved_01HSJZ96W22Q7QR840H5N3PSJC','26e3045a-22e5-4a48-b61a-b96c54040bc5','2024-02-02','DelvisUtbetaling','ENKFAGYRKE'),
    ('ved_01HSJZ96W22Q7QR840H5N3PSJC','26e3045a-22e5-4a48-b61a-b96c54040bc5','2024-02-03','IngenUtbetaling','ENKFAGYRKE'),
    ('ved_01HSJZ96W22Q7QR840H5N3PSJC','26e3045a-22e5-4a48-b61a-b96c54040bc5','2024-02-04','IngenUtbetaling','ENKFAGYRKE'),
    ('ved_01HSJZ96W22Q7QR840H5N3PSJC','26e3045a-22e5-4a48-b61a-b96c54040bc5','2024-02-05','FullUtbetaling','ENKFAGYRKE'),
    ('ved_01HSJZ96W22Q7QR840H5N3PSJC','26e3045a-22e5-4a48-b61a-b96c54040bc5','2024-02-06','FullUtbetaling','ENKFAGYRKE'),
    ('ved_01HSJZ96W22Q7QR840H5N3PSJC','26e3045a-22e5-4a48-b61a-b96c54040bc5','2024-02-07','FullUtbetaling','ENKFAGYRKE'),
    ('ved_01HSJZ96W22Q7QR840H5N3PSJC','26e3045a-22e5-4a48-b61a-b96c54040bc5','2024-02-08','FullUtbetaling','ENKFAGYRKE'),
    ('ved_01HSJZ96W22Q7QR840H5N3PSJC','26e3045a-22e5-4a48-b61a-b96c54040bc5','2024-02-09','IngenUtbetaling','ENKFAGYRKE'),
    ('ved_01HSJZ96W22Q7QR840H5N3PSJC','26e3045a-22e5-4a48-b61a-b96c54040bc5','2024-02-10','IngenUtbetaling','ENKFAGYRKE'),
    ('ved_01HSJZ96W22Q7QR840H5N3PSJC','26e3045a-22e5-4a48-b61a-b96c54040bc5','2024-02-11','IngenUtbetaling','ENKFAGYRKE'),
    ('ved_01HSJZDPQGBBD213XJJWER7AJA','7db368b7-3cbc-4d40-8b8c-5d71bb608c88','2024-01-01','FullUtbetaling','ENKFAGYRKE'),
    ('ved_01HSJZDPQGBBD213XJJWER7AJA','7db368b7-3cbc-4d40-8b8c-5d71bb608c88','2024-01-02','FullUtbetaling','ENKFAGYRKE'),
    ('ved_01HSJZDPQGBBD213XJJWER7AJA','7db368b7-3cbc-4d40-8b8c-5d71bb608c88','2024-01-03','FullUtbetaling','ENKFAGYRKE'),
    ('ved_01HSJZDPQGBBD213XJJWER7AJA','7db368b7-3cbc-4d40-8b8c-5d71bb608c88','2024-01-04','FullUtbetaling','ENKFAGYRKE'),
    ('ved_01HSJZDPQGBBD213XJJWER7AJA','7db368b7-3cbc-4d40-8b8c-5d71bb608c88','2024-01-05','FullUtbetaling','ENKFAGYRKE'),
    ('ved_01HSJZDPQGBBD213XJJWER7AJA','7db368b7-3cbc-4d40-8b8c-5d71bb608c88','2024-01-06','IngenUtbetaling','ENKFAGYRKE'),
    ('ved_01HSJZDPQGBBD213XJJWER7AJA','7db368b7-3cbc-4d40-8b8c-5d71bb608c88','2024-01-07','IngenUtbetaling','ENKFAGYRKE'),
    ('ved_01HSJZDPQGBBD213XJJWER7AJA','7db368b7-3cbc-4d40-8b8c-5d71bb608c88','2024-01-08','FullUtbetaling','ENKFAGYRKE'),
    ('ved_01HSJZDPQGBBD213XJJWER7AJA','7db368b7-3cbc-4d40-8b8c-5d71bb608c88','2024-01-09','FullUtbetaling','ENKFAGYRKE'),
    ('ved_01HSJZDPQGBBD213XJJWER7AJA','7db368b7-3cbc-4d40-8b8c-5d71bb608c88','2024-01-10','DelvisUtbetaling','ENKFAGYRKE'),
    ('ved_01HSJZDPQGBBD213XJJWER7AJA','7db368b7-3cbc-4d40-8b8c-5d71bb608c88','2024-01-11','DelvisUtbetaling','ENKFAGYRKE'),
    ('ved_01HSJZDPQGBBD213XJJWER7AJA','7db368b7-3cbc-4d40-8b8c-5d71bb608c88','2024-01-12','DelvisUtbetaling','ENKFAGYRKE'),
    ('ved_01HSJZDPQGBBD213XJJWER7AJA','7db368b7-3cbc-4d40-8b8c-5d71bb608c88','2024-01-13','IngenUtbetaling','ENKFAGYRKE'),
    ('ved_01HSJZDPQGBBD213XJJWER7AJA','7db368b7-3cbc-4d40-8b8c-5d71bb608c88','2024-01-14','IngenUtbetaling','ENKFAGYRKE'),
    ('ved_01HSJZDPQGBBD213XJJWER7AJA','9dc5efed-82cb-4ae1-92ca-6582367fa7de','2024-01-15','DelvisUtbetaling','ENKFAGYRKE'),
    ('ved_01HSJZDPQGBBD213XJJWER7AJA','9dc5efed-82cb-4ae1-92ca-6582367fa7de','2024-01-16','DelvisUtbetaling','ENKFAGYRKE'),
    ('ved_01HSJZDPQGBBD213XJJWER7AJA','9dc5efed-82cb-4ae1-92ca-6582367fa7de','2024-01-17','DelvisUtbetaling','ENKFAGYRKE'),
    ('ved_01HSJZDPQGBBD213XJJWER7AJA','9dc5efed-82cb-4ae1-92ca-6582367fa7de','2024-01-18','FullUtbetaling','ENKFAGYRKE'),
    ('ved_01HSJZDPQGBBD213XJJWER7AJA','9dc5efed-82cb-4ae1-92ca-6582367fa7de','2024-01-19','FullUtbetaling','ENKFAGYRKE'),
    ('ved_01HSJZDPQGBBD213XJJWER7AJA','9dc5efed-82cb-4ae1-92ca-6582367fa7de','2024-01-20','IngenUtbetaling','ENKFAGYRKE'),
    ('ved_01HSJZDPQGBBD213XJJWER7AJA','9dc5efed-82cb-4ae1-92ca-6582367fa7de','2024-01-21','IngenUtbetaling','ENKFAGYRKE'),
    ('ved_01HSJZDPQGBBD213XJJWER7AJA','9dc5efed-82cb-4ae1-92ca-6582367fa7de','2024-01-22','DelvisUtbetaling','ENKFAGYRKE'),
    ('ved_01HSJZDPQGBBD213XJJWER7AJA','9dc5efed-82cb-4ae1-92ca-6582367fa7de','2024-01-23','DelvisUtbetaling','ENKFAGYRKE'),
    ('ved_01HSJZDPQGBBD213XJJWER7AJA','9dc5efed-82cb-4ae1-92ca-6582367fa7de','2024-01-24','DelvisUtbetaling','ENKFAGYRKE'),
    ('ved_01HSJZDPQGBBD213XJJWER7AJA','9dc5efed-82cb-4ae1-92ca-6582367fa7de','2024-01-25','FullUtbetaling','ENKFAGYRKE'),
    ('ved_01HSJZDPQGBBD213XJJWER7AJA','9dc5efed-82cb-4ae1-92ca-6582367fa7de','2024-01-26','FullUtbetaling','ENKFAGYRKE'),
    ('ved_01HSJZDPQGBBD213XJJWER7AJA','9dc5efed-82cb-4ae1-92ca-6582367fa7de','2024-01-27','IngenUtbetaling','ENKFAGYRKE'),
    ('ved_01HSJZDPQGBBD213XJJWER7AJA','9dc5efed-82cb-4ae1-92ca-6582367fa7de','2024-01-28','IngenUtbetaling','ENKFAGYRKE'),
    ('ved_01HSJZDPQGBBD213XJJWER7AJA','26e3045a-22e5-4a48-b61a-b96c54040bc5','2024-01-29','FullUtbetaling','ENKFAGYRKE'),
    ('ved_01HSJZDPQGBBD213XJJWER7AJA','26e3045a-22e5-4a48-b61a-b96c54040bc5','2024-01-30','DelvisUtbetaling','ENKFAGYRKE'),
    ('ved_01HSJZDPQGBBD213XJJWER7AJA','26e3045a-22e5-4a48-b61a-b96c54040bc5','2024-01-31','DelvisUtbetaling','ENKFAGYRKE'),
    ('ved_01HSJZDPQGBBD213XJJWER7AJA','26e3045a-22e5-4a48-b61a-b96c54040bc5','2024-02-01','DelvisUtbetaling','ENKFAGYRKE'),
    ('ved_01HSJZDPQGBBD213XJJWER7AJA','26e3045a-22e5-4a48-b61a-b96c54040bc5','2024-02-02','DelvisUtbetaling','ENKFAGYRKE'),
    ('ved_01HSJZDPQGBBD213XJJWER7AJA','26e3045a-22e5-4a48-b61a-b96c54040bc5','2024-02-03','IngenUtbetaling','ENKFAGYRKE'),
    ('ved_01HSJZDPQGBBD213XJJWER7AJA','26e3045a-22e5-4a48-b61a-b96c54040bc5','2024-02-04','IngenUtbetaling','ENKFAGYRKE'),
    ('ved_01HSJZDPQGBBD213XJJWER7AJA','26e3045a-22e5-4a48-b61a-b96c54040bc5','2024-02-05','FullUtbetaling','ENKFAGYRKE'),
    ('ved_01HSJZDPQGBBD213XJJWER7AJA','26e3045a-22e5-4a48-b61a-b96c54040bc5','2024-02-06','FullUtbetaling','ENKFAGYRKE'),
    ('ved_01HSJZDPQGBBD213XJJWER7AJA','26e3045a-22e5-4a48-b61a-b96c54040bc5','2024-02-07','FullUtbetaling','ENKFAGYRKE'),
    ('ved_01HSJZDPQGBBD213XJJWER7AJA','26e3045a-22e5-4a48-b61a-b96c54040bc5','2024-02-08','FullUtbetaling','ENKFAGYRKE'),
    ('ved_01HSJZDPQGBBD213XJJWER7AJA','26e3045a-22e5-4a48-b61a-b96c54040bc5','2024-02-09','IngenUtbetaling','ENKFAGYRKE'),
    ('ved_01HSJZDPQGBBD213XJJWER7AJA','26e3045a-22e5-4a48-b61a-b96c54040bc5','2024-02-10','IngenUtbetaling','ENKFAGYRKE'),
    ('ved_01HSJZDPQGBBD213XJJWER7AJA','26e3045a-22e5-4a48-b61a-b96c54040bc5','2024-02-11','IngenUtbetaling','ENKFAGYRKE'),
    ('ved_01HSJZDPQGBBD213XJJWER7AJA','da5b7546-e481-4369-a6c9-4526e04854fc','2024-02-12','IngenUtbetaling','ENKFAGYRKE'),
    ('ved_01HSJZDPQGBBD213XJJWER7AJA','da5b7546-e481-4369-a6c9-4526e04854fc','2024-02-13','FullUtbetaling','ENKFAGYRKE'),
    ('ved_01HSJZDPQGBBD213XJJWER7AJA','da5b7546-e481-4369-a6c9-4526e04854fc','2024-02-14','FullUtbetaling','ENKFAGYRKE'),
    ('ved_01HSJZDPQGBBD213XJJWER7AJA','da5b7546-e481-4369-a6c9-4526e04854fc','2024-02-15','FullUtbetaling','ENKFAGYRKE'),
    ('ved_01HSJZDPQGBBD213XJJWER7AJA','da5b7546-e481-4369-a6c9-4526e04854fc','2024-02-16','FullUtbetaling','ENKFAGYRKE'),
    ('ved_01HSJZDPQGBBD213XJJWER7AJA','da5b7546-e481-4369-a6c9-4526e04854fc','2024-02-17','IngenUtbetaling','ENKFAGYRKE'),
    ('ved_01HSJZDPQGBBD213XJJWER7AJA','da5b7546-e481-4369-a6c9-4526e04854fc','2024-02-18','IngenUtbetaling','ENKFAGYRKE'),
    ('ved_01HSJZDPQGBBD213XJJWER7AJA','da5b7546-e481-4369-a6c9-4526e04854fc','2024-02-19','FullUtbetaling','ENKFAGYRKE'),
    ('ved_01HSJZDPQGBBD213XJJWER7AJA','da5b7546-e481-4369-a6c9-4526e04854fc','2024-02-20','FullUtbetaling','ENKFAGYRKE'),
    ('ved_01HSJZDPQGBBD213XJJWER7AJA','da5b7546-e481-4369-a6c9-4526e04854fc','2024-02-21','FullUtbetaling','ENKFAGYRKE'),
    ('ved_01HSJZDPQGBBD213XJJWER7AJA','da5b7546-e481-4369-a6c9-4526e04854fc','2024-02-22','FullUtbetaling','ENKFAGYRKE'),
    ('ved_01HSJZDPQGBBD213XJJWER7AJA','da5b7546-e481-4369-a6c9-4526e04854fc','2024-02-23','IngenUtbetaling','ENKFAGYRKE'),
    ('ved_01HSJZDPQGBBD213XJJWER7AJA','da5b7546-e481-4369-a6c9-4526e04854fc','2024-02-24','IngenUtbetaling','ENKFAGYRKE'),
    ('ved_01HSJZDPQGBBD213XJJWER7AJA','da5b7546-e481-4369-a6c9-4526e04854fc','2024-02-25','IngenUtbetaling','ENKFAGYRKE'),
    ('ved_01HSJZKC50FVE0DRFF7H4J635M','7db368b7-3cbc-4d40-8b8c-5d71bb608c88','2024-01-01','FullUtbetaling','ENKFAGYRKE'),
    ('ved_01HSJZKC50FVE0DRFF7H4J635M','7db368b7-3cbc-4d40-8b8c-5d71bb608c88','2024-01-02','FullUtbetaling','ENKFAGYRKE'),
    ('ved_01HSJZKC50FVE0DRFF7H4J635M','7db368b7-3cbc-4d40-8b8c-5d71bb608c88','2024-01-03','FullUtbetaling','ENKFAGYRKE'),
    ('ved_01HSJZKC50FVE0DRFF7H4J635M','7db368b7-3cbc-4d40-8b8c-5d71bb608c88','2024-01-04','FullUtbetaling','ENKFAGYRKE'),
    ('ved_01HSJZKC50FVE0DRFF7H4J635M','7db368b7-3cbc-4d40-8b8c-5d71bb608c88','2024-01-05','FullUtbetaling','ENKFAGYRKE'),
    ('ved_01HSJZKC50FVE0DRFF7H4J635M','7db368b7-3cbc-4d40-8b8c-5d71bb608c88','2024-01-06','IngenUtbetaling','ENKFAGYRKE'),
    ('ved_01HSJZKC50FVE0DRFF7H4J635M','7db368b7-3cbc-4d40-8b8c-5d71bb608c88','2024-01-07','IngenUtbetaling','ENKFAGYRKE'),
    ('ved_01HSJZKC50FVE0DRFF7H4J635M','7db368b7-3cbc-4d40-8b8c-5d71bb608c88','2024-01-08','FullUtbetaling','ENKFAGYRKE'),
    ('ved_01HSJZKC50FVE0DRFF7H4J635M','7db368b7-3cbc-4d40-8b8c-5d71bb608c88','2024-01-09','FullUtbetaling','ENKFAGYRKE'),
    ('ved_01HSJZKC50FVE0DRFF7H4J635M','7db368b7-3cbc-4d40-8b8c-5d71bb608c88','2024-01-10','DelvisUtbetaling','ENKFAGYRKE'),
    ('ved_01HSJZKC50FVE0DRFF7H4J635M','7db368b7-3cbc-4d40-8b8c-5d71bb608c88','2024-01-11','DelvisUtbetaling','ENKFAGYRKE'),
    ('ved_01HSJZKC50FVE0DRFF7H4J635M','7db368b7-3cbc-4d40-8b8c-5d71bb608c88','2024-01-12','DelvisUtbetaling','ENKFAGYRKE'),
    ('ved_01HSJZKC50FVE0DRFF7H4J635M','7db368b7-3cbc-4d40-8b8c-5d71bb608c88','2024-01-13','IngenUtbetaling','ENKFAGYRKE'),
    ('ved_01HSJZKC50FVE0DRFF7H4J635M','7db368b7-3cbc-4d40-8b8c-5d71bb608c88','2024-01-14','IngenUtbetaling','ENKFAGYRKE'),
    ('ved_01HSJZKC50FVE0DRFF7H4J635M','9dc5efed-82cb-4ae1-92ca-6582367fa7de','2024-01-15','DelvisUtbetaling','ENKFAGYRKE'),
    ('ved_01HSJZKC50FVE0DRFF7H4J635M','9dc5efed-82cb-4ae1-92ca-6582367fa7de','2024-01-16','DelvisUtbetaling','ENKFAGYRKE'),
    ('ved_01HSJZKC50FVE0DRFF7H4J635M','9dc5efed-82cb-4ae1-92ca-6582367fa7de','2024-01-17','DelvisUtbetaling','ENKFAGYRKE'),
    ('ved_01HSJZKC50FVE0DRFF7H4J635M','9dc5efed-82cb-4ae1-92ca-6582367fa7de','2024-01-18','FullUtbetaling','ENKFAGYRKE'),
    ('ved_01HSJZKC50FVE0DRFF7H4J635M','9dc5efed-82cb-4ae1-92ca-6582367fa7de','2024-01-19','FullUtbetaling','ENKFAGYRKE'),
    ('ved_01HSJZKC50FVE0DRFF7H4J635M','9dc5efed-82cb-4ae1-92ca-6582367fa7de','2024-01-20','IngenUtbetaling','ENKFAGYRKE'),
    ('ved_01HSJZKC50FVE0DRFF7H4J635M','9dc5efed-82cb-4ae1-92ca-6582367fa7de','2024-01-21','IngenUtbetaling','ENKFAGYRKE'),
    ('ved_01HSJZKC50FVE0DRFF7H4J635M','9dc5efed-82cb-4ae1-92ca-6582367fa7de','2024-01-22','DelvisUtbetaling','ENKFAGYRKE'),
    ('ved_01HSJZKC50FVE0DRFF7H4J635M','9dc5efed-82cb-4ae1-92ca-6582367fa7de','2024-01-23','DelvisUtbetaling','ENKFAGYRKE'),
    ('ved_01HSJZKC50FVE0DRFF7H4J635M','9dc5efed-82cb-4ae1-92ca-6582367fa7de','2024-01-24','DelvisUtbetaling','ENKFAGYRKE'),
    ('ved_01HSJZKC50FVE0DRFF7H4J635M','9dc5efed-82cb-4ae1-92ca-6582367fa7de','2024-01-25','FullUtbetaling','ENKFAGYRKE'),
    ('ved_01HSJZKC50FVE0DRFF7H4J635M','9dc5efed-82cb-4ae1-92ca-6582367fa7de','2024-01-26','FullUtbetaling','ENKFAGYRKE'),
    ('ved_01HSJZKC50FVE0DRFF7H4J635M','9dc5efed-82cb-4ae1-92ca-6582367fa7de','2024-01-27','IngenUtbetaling','ENKFAGYRKE'),
    ('ved_01HSJZKC50FVE0DRFF7H4J635M','9dc5efed-82cb-4ae1-92ca-6582367fa7de','2024-01-28','IngenUtbetaling','ENKFAGYRKE'),
    ('ved_01HSJZKC50FVE0DRFF7H4J635M','26e3045a-22e5-4a48-b61a-b96c54040bc5','2024-01-29','FullUtbetaling','ENKFAGYRKE'),
    ('ved_01HSJZKC50FVE0DRFF7H4J635M','26e3045a-22e5-4a48-b61a-b96c54040bc5','2024-01-30','DelvisUtbetaling','ENKFAGYRKE'),
    ('ved_01HSJZKC50FVE0DRFF7H4J635M','26e3045a-22e5-4a48-b61a-b96c54040bc5','2024-01-31','DelvisUtbetaling','ENKFAGYRKE'),
    ('ved_01HSJZKC50FVE0DRFF7H4J635M','26e3045a-22e5-4a48-b61a-b96c54040bc5','2024-02-01','DelvisUtbetaling','ENKFAGYRKE'),
    ('ved_01HSJZKC50FVE0DRFF7H4J635M','26e3045a-22e5-4a48-b61a-b96c54040bc5','2024-02-02','DelvisUtbetaling','ENKFAGYRKE'),
    ('ved_01HSJZKC50FVE0DRFF7H4J635M','26e3045a-22e5-4a48-b61a-b96c54040bc5','2024-02-03','IngenUtbetaling','ENKFAGYRKE'),
    ('ved_01HSJZKC50FVE0DRFF7H4J635M','26e3045a-22e5-4a48-b61a-b96c54040bc5','2024-02-04','IngenUtbetaling','ENKFAGYRKE'),
    ('ved_01HSJZKC50FVE0DRFF7H4J635M','26e3045a-22e5-4a48-b61a-b96c54040bc5','2024-02-05','FullUtbetaling','ENKFAGYRKE'),
    ('ved_01HSJZKC50FVE0DRFF7H4J635M','26e3045a-22e5-4a48-b61a-b96c54040bc5','2024-02-06','FullUtbetaling','ENKFAGYRKE'),
    ('ved_01HSJZKC50FVE0DRFF7H4J635M','26e3045a-22e5-4a48-b61a-b96c54040bc5','2024-02-07','FullUtbetaling','ENKFAGYRKE'),
    ('ved_01HSJZKC50FVE0DRFF7H4J635M','26e3045a-22e5-4a48-b61a-b96c54040bc5','2024-02-08','FullUtbetaling','ENKFAGYRKE'),
    ('ved_01HSJZKC50FVE0DRFF7H4J635M','26e3045a-22e5-4a48-b61a-b96c54040bc5','2024-02-09','IngenUtbetaling','ENKFAGYRKE'),
    ('ved_01HSJZKC50FVE0DRFF7H4J635M','26e3045a-22e5-4a48-b61a-b96c54040bc5','2024-02-10','IngenUtbetaling','ENKFAGYRKE'),
    ('ved_01HSJZKC50FVE0DRFF7H4J635M','26e3045a-22e5-4a48-b61a-b96c54040bc5','2024-02-11','IngenUtbetaling','ENKFAGYRKE'),
    ('ved_01HSJZKC50FVE0DRFF7H4J635M','da5b7546-e481-4369-a6c9-4526e04854fc','2024-02-12','IngenUtbetaling','ENKFAGYRKE'),
    ('ved_01HSJZKC50FVE0DRFF7H4J635M','da5b7546-e481-4369-a6c9-4526e04854fc','2024-02-13','FullUtbetaling','ENKFAGYRKE'),
    ('ved_01HSJZKC50FVE0DRFF7H4J635M','da5b7546-e481-4369-a6c9-4526e04854fc','2024-02-14','FullUtbetaling','ENKFAGYRKE'),
    ('ved_01HSJZKC50FVE0DRFF7H4J635M','da5b7546-e481-4369-a6c9-4526e04854fc','2024-02-15','FullUtbetaling','ENKFAGYRKE'),
    ('ved_01HSJZKC50FVE0DRFF7H4J635M','da5b7546-e481-4369-a6c9-4526e04854fc','2024-02-16','FullUtbetaling','ENKFAGYRKE'),
    ('ved_01HSJZKC50FVE0DRFF7H4J635M','da5b7546-e481-4369-a6c9-4526e04854fc','2024-02-17','IngenUtbetaling','ENKFAGYRKE'),
    ('ved_01HSJZKC50FVE0DRFF7H4J635M','da5b7546-e481-4369-a6c9-4526e04854fc','2024-02-18','IngenUtbetaling','ENKFAGYRKE'),
    ('ved_01HSJZKC50FVE0DRFF7H4J635M','da5b7546-e481-4369-a6c9-4526e04854fc','2024-02-19','FullUtbetaling','ENKFAGYRKE'),
    ('ved_01HSJZKC50FVE0DRFF7H4J635M','da5b7546-e481-4369-a6c9-4526e04854fc','2024-02-20','FullUtbetaling','ENKFAGYRKE'),
    ('ved_01HSJZKC50FVE0DRFF7H4J635M','da5b7546-e481-4369-a6c9-4526e04854fc','2024-02-21','FullUtbetaling','ENKFAGYRKE'),
    ('ved_01HSJZKC50FVE0DRFF7H4J635M','da5b7546-e481-4369-a6c9-4526e04854fc','2024-02-22','FullUtbetaling','ENKFAGYRKE'),
    ('ved_01HSJZKC50FVE0DRFF7H4J635M','da5b7546-e481-4369-a6c9-4526e04854fc','2024-02-23','IngenUtbetaling','ENKFAGYRKE'),
    ('ved_01HSJZKC50FVE0DRFF7H4J635M','da5b7546-e481-4369-a6c9-4526e04854fc','2024-02-24','IngenUtbetaling','ENKFAGYRKE'),
    ('ved_01HSJZKC50FVE0DRFF7H4J635M','da5b7546-e481-4369-a6c9-4526e04854fc','2024-02-25','IngenUtbetaling','ENKFAGYRKE'),
    ('ved_01HSJZKC50FVE0DRFF7H4J635M','33a08c91-0dc5-4e09-91f4-7aef99fd5b74','2024-02-26','FullUtbetaling','ENKFAGYRKE'),
    ('ved_01HSJZKC50FVE0DRFF7H4J635M','33a08c91-0dc5-4e09-91f4-7aef99fd5b74','2024-02-27','FullUtbetaling','ENKFAGYRKE'),
    ('ved_01HSJZKC50FVE0DRFF7H4J635M','33a08c91-0dc5-4e09-91f4-7aef99fd5b74','2024-02-28','FullUtbetaling','ENKFAGYRKE'),
    ('ved_01HSJZKC50FVE0DRFF7H4J635M','33a08c91-0dc5-4e09-91f4-7aef99fd5b74','2024-02-29','FullUtbetaling','ENKFAGYRKE'),
    ('ved_01HSJZKC50FVE0DRFF7H4J635M','33a08c91-0dc5-4e09-91f4-7aef99fd5b74','2024-03-01','FullUtbetaling','ENKFAGYRKE'),
    ('ved_01HSJZKC50FVE0DRFF7H4J635M','33a08c91-0dc5-4e09-91f4-7aef99fd5b74','2024-03-02','IngenUtbetaling','ENKFAGYRKE'),
    ('ved_01HSJZKC50FVE0DRFF7H4J635M','33a08c91-0dc5-4e09-91f4-7aef99fd5b74','2024-03-03','IngenUtbetaling','ENKFAGYRKE'),
    ('ved_01HSJZKC50FVE0DRFF7H4J635M','33a08c91-0dc5-4e09-91f4-7aef99fd5b74','2024-03-04','FullUtbetaling','ENKFAGYRKE'),
    ('ved_01HSJZKC50FVE0DRFF7H4J635M','33a08c91-0dc5-4e09-91f4-7aef99fd5b74','2024-03-05','DelvisUtbetaling','ENKFAGYRKE'),
    ('ved_01HSJZKC50FVE0DRFF7H4J635M','33a08c91-0dc5-4e09-91f4-7aef99fd5b74','2024-03-06','FullUtbetaling','ENKFAGYRKE'),
    ('ved_01HSJZKC50FVE0DRFF7H4J635M','33a08c91-0dc5-4e09-91f4-7aef99fd5b74','2024-03-07','FullUtbetaling','ENKFAGYRKE'),
    ('ved_01HSJZKC50FVE0DRFF7H4J635M','33a08c91-0dc5-4e09-91f4-7aef99fd5b74','2024-03-08','FullUtbetaling','ENKFAGYRKE'),
    ('ved_01HSJZKC50FVE0DRFF7H4J635M','33a08c91-0dc5-4e09-91f4-7aef99fd5b74','2024-03-09','IngenUtbetaling','ENKFAGYRKE'),
    ('ved_01HSJZKC50FVE0DRFF7H4J635M','33a08c91-0dc5-4e09-91f4-7aef99fd5b74','2024-03-10','IngenUtbetaling','ENKFAGYRKE'),
    ('ved_01HSK0FEDY101T1QEWE6GQNK38','2fd81067-faf0-4ce6-835b-39bb38d08a80','2023-10-01','FullUtbetaling','ARBTREN'),
    ('ved_01HSK0FEDY101T1QEWE6GQNK38','2fd81067-faf0-4ce6-835b-39bb38d08a80','2023-10-02','FullUtbetaling','ARBTREN'),
    ('ved_01HSK0FEDY101T1QEWE6GQNK38','2fd81067-faf0-4ce6-835b-39bb38d08a80','2023-10-03','FullUtbetaling','ARBTREN'),
    ('ved_01HSK0FEDY101T1QEWE6GQNK38','2fd81067-faf0-4ce6-835b-39bb38d08a80','2023-10-04','FullUtbetaling','ARBTREN'),
    ('ved_01HSK0FEDY101T1QEWE6GQNK38','2fd81067-faf0-4ce6-835b-39bb38d08a80','2023-10-05','FullUtbetaling','ARBTREN'),
    ('ved_01HSK0FEDY101T1QEWE6GQNK38','2fd81067-faf0-4ce6-835b-39bb38d08a80','2023-10-06','FullUtbetaling','ARBTREN'),
    ('ved_01HSK0FEDY101T1QEWE6GQNK38','2fd81067-faf0-4ce6-835b-39bb38d08a80','2023-10-07','FullUtbetaling','ARBTREN'),
    ('ved_01HSK0FEDY101T1QEWE6GQNK38','2fd81067-faf0-4ce6-835b-39bb38d08a80','2023-10-08','FullUtbetaling','ARBTREN'),
    ('ved_01HSK0JQA1041GKP2J3X139KGQ','2fd81067-faf0-4ce6-835b-39bb38d08a80','2023-10-01','FullUtbetaling','ARBTREN'),
    ('ved_01HSK0JQA1041GKP2J3X139KGQ','2fd81067-faf0-4ce6-835b-39bb38d08a80','2023-10-02','FullUtbetaling','ARBTREN'),
    ('ved_01HSK0JQA1041GKP2J3X139KGQ','2fd81067-faf0-4ce6-835b-39bb38d08a80','2023-10-03','FullUtbetaling','ARBTREN'),
    ('ved_01HSK0JQA1041GKP2J3X139KGQ','2fd81067-faf0-4ce6-835b-39bb38d08a80','2023-10-04','FullUtbetaling','ARBTREN'),
    ('ved_01HSK0JQA1041GKP2J3X139KGQ','2fd81067-faf0-4ce6-835b-39bb38d08a80','2023-10-05','FullUtbetaling','ARBTREN'),
    ('ved_01HSK0JQA1041GKP2J3X139KGQ','2fd81067-faf0-4ce6-835b-39bb38d08a80','2023-10-06','FullUtbetaling','ARBTREN'),
    ('ved_01HSK0JQA1041GKP2J3X139KGQ','2fd81067-faf0-4ce6-835b-39bb38d08a80','2023-10-07','FullUtbetaling','ARBTREN'),
    ('ved_01HSK0JQA1041GKP2J3X139KGQ','2fd81067-faf0-4ce6-835b-39bb38d08a80','2023-10-08','FullUtbetaling','ARBTREN'),
    ('ved_01HSK0JQA1041GKP2J3X139KGQ','b8e65c5b-582c-4e33-84ea-7e41074e3ba9','2023-10-09','FullUtbetaling','ARBTREN'),
    ('ved_01HSK0JQA1041GKP2J3X139KGQ','b8e65c5b-582c-4e33-84ea-7e41074e3ba9','2023-10-10','FullUtbetaling','ARBTREN'),
    ('ved_01HSK0JQA1041GKP2J3X139KGQ','b8e65c5b-582c-4e33-84ea-7e41074e3ba9','2023-10-11','IngenUtbetaling','ARBTREN'),
    ('ved_01HSK0JQA1041GKP2J3X139KGQ','b8e65c5b-582c-4e33-84ea-7e41074e3ba9','2023-10-12','IngenUtbetaling','ARBTREN'),
    ('ved_01HSK0JQA1041GKP2J3X139KGQ','b8e65c5b-582c-4e33-84ea-7e41074e3ba9','2023-10-13','IngenUtbetaling','ARBTREN'),
    ('ved_01HSK0JQA1041GKP2J3X139KGQ','b8e65c5b-582c-4e33-84ea-7e41074e3ba9','2023-10-14','IngenUtbetaling','ARBTREN'),
    ('ved_01HSK0JQA1041GKP2J3X139KGQ','b8e65c5b-582c-4e33-84ea-7e41074e3ba9','2023-10-15','IngenUtbetaling','ARBTREN'),
    ('ved_01HSK0JQA1041GKP2J3X139KGQ','b8e65c5b-582c-4e33-84ea-7e41074e3ba9','2023-10-16','FullUtbetaling','ARBTREN'),
    ('ved_01HSK0JQA1041GKP2J3X139KGQ','b8e65c5b-582c-4e33-84ea-7e41074e3ba9','2023-10-17','DelvisUtbetaling','ARBTREN'),
    ('ved_01HSK0JQA1041GKP2J3X139KGQ','b8e65c5b-582c-4e33-84ea-7e41074e3ba9','2023-10-18','IngenUtbetaling','ARBTREN'),
    ('ved_01HSK0JQA1041GKP2J3X139KGQ','b8e65c5b-582c-4e33-84ea-7e41074e3ba9','2023-10-19','IngenUtbetaling','ARBTREN'),
    ('ved_01HSK0JQA1041GKP2J3X139KGQ','b8e65c5b-582c-4e33-84ea-7e41074e3ba9','2023-10-20','IngenUtbetaling','ARBTREN'),
    ('ved_01HSK0JQA1041GKP2J3X139KGQ','b8e65c5b-582c-4e33-84ea-7e41074e3ba9','2023-10-21','IngenUtbetaling','ARBTREN'),
    ('ved_01HSK0JQA1041GKP2J3X139KGQ','b8e65c5b-582c-4e33-84ea-7e41074e3ba9','2023-10-22','IngenUtbetaling','ARBTREN'),
    ('ved_01HSK0RJZWY6PE27HJK1D8XN99','2fd81067-faf0-4ce6-835b-39bb38d08a80','2023-10-01','FullUtbetaling','ARBTREN'),
    ('ved_01HSK0RJZWY6PE27HJK1D8XN99','2fd81067-faf0-4ce6-835b-39bb38d08a80','2023-10-02','FullUtbetaling','ARBTREN'),
    ('ved_01HSK0RJZWY6PE27HJK1D8XN99','2fd81067-faf0-4ce6-835b-39bb38d08a80','2023-10-03','FullUtbetaling','ARBTREN'),
    ('ved_01HSK0RJZWY6PE27HJK1D8XN99','2fd81067-faf0-4ce6-835b-39bb38d08a80','2023-10-04','FullUtbetaling','ARBTREN'),
    ('ved_01HSK0RJZWY6PE27HJK1D8XN99','2fd81067-faf0-4ce6-835b-39bb38d08a80','2023-10-05','FullUtbetaling','ARBTREN'),
    ('ved_01HSK0RJZWY6PE27HJK1D8XN99','2fd81067-faf0-4ce6-835b-39bb38d08a80','2023-10-06','FullUtbetaling','ARBTREN'),
    ('ved_01HSK0RJZWY6PE27HJK1D8XN99','2fd81067-faf0-4ce6-835b-39bb38d08a80','2023-10-07','FullUtbetaling','ARBTREN'),
    ('ved_01HSK0RJZWY6PE27HJK1D8XN99','2fd81067-faf0-4ce6-835b-39bb38d08a80','2023-10-08','FullUtbetaling','ARBTREN'),
    ('ved_01HSK0RJZWY6PE27HJK1D8XN99','b8e65c5b-582c-4e33-84ea-7e41074e3ba9','2023-10-09','FullUtbetaling','ARBTREN'),
    ('ved_01HSK0RJZWY6PE27HJK1D8XN99','b8e65c5b-582c-4e33-84ea-7e41074e3ba9','2023-10-10','FullUtbetaling','ARBTREN'),
    ('ved_01HSK0RJZWY6PE27HJK1D8XN99','b8e65c5b-582c-4e33-84ea-7e41074e3ba9','2023-10-11','IngenUtbetaling','ARBTREN'),
    ('ved_01HSK0RJZWY6PE27HJK1D8XN99','b8e65c5b-582c-4e33-84ea-7e41074e3ba9','2023-10-12','IngenUtbetaling','ARBTREN'),
    ('ved_01HSK0RJZWY6PE27HJK1D8XN99','b8e65c5b-582c-4e33-84ea-7e41074e3ba9','2023-10-13','IngenUtbetaling','ARBTREN'),
    ('ved_01HSK0RJZWY6PE27HJK1D8XN99','b8e65c5b-582c-4e33-84ea-7e41074e3ba9','2023-10-14','IngenUtbetaling','ARBTREN'),
    ('ved_01HSK0RJZWY6PE27HJK1D8XN99','b8e65c5b-582c-4e33-84ea-7e41074e3ba9','2023-10-15','IngenUtbetaling','ARBTREN'),
    ('ved_01HSK0RJZWY6PE27HJK1D8XN99','b8e65c5b-582c-4e33-84ea-7e41074e3ba9','2023-10-16','FullUtbetaling','ARBTREN'),
    ('ved_01HSK0RJZWY6PE27HJK1D8XN99','b8e65c5b-582c-4e33-84ea-7e41074e3ba9','2023-10-17','DelvisUtbetaling','ARBTREN'),
    ('ved_01HSK0RJZWY6PE27HJK1D8XN99','b8e65c5b-582c-4e33-84ea-7e41074e3ba9','2023-10-18','IngenUtbetaling','ARBTREN'),
    ('ved_01HSK0RJZWY6PE27HJK1D8XN99','b8e65c5b-582c-4e33-84ea-7e41074e3ba9','2023-10-19','IngenUtbetaling','ARBTREN'),
    ('ved_01HSK0RJZWY6PE27HJK1D8XN99','b8e65c5b-582c-4e33-84ea-7e41074e3ba9','2023-10-20','IngenUtbetaling','ARBTREN'),
    ('ved_01HSK0RJZWY6PE27HJK1D8XN99','b8e65c5b-582c-4e33-84ea-7e41074e3ba9','2023-10-21','IngenUtbetaling','ARBTREN'),
    ('ved_01HSK0RJZWY6PE27HJK1D8XN99','b8e65c5b-582c-4e33-84ea-7e41074e3ba9','2023-10-22','IngenUtbetaling','ARBTREN'),
    ('ved_01HSK0RJZWY6PE27HJK1D8XN99','6ff0ad1d-b644-4be9-adba-5ebf8964b85e','2023-10-23','DelvisUtbetaling','ARBTREN'),
    ('ved_01HSK0RJZWY6PE27HJK1D8XN99','6ff0ad1d-b644-4be9-adba-5ebf8964b85e','2023-10-24','DelvisUtbetaling','ARBTREN'),
    ('ved_01HSK0RJZWY6PE27HJK1D8XN99','6ff0ad1d-b644-4be9-adba-5ebf8964b85e','2023-10-25','IngenUtbetaling','ARBTREN'),
    ('ved_01HSK0RJZWY6PE27HJK1D8XN99','6ff0ad1d-b644-4be9-adba-5ebf8964b85e','2023-10-26','IngenUtbetaling','ARBTREN'),
    ('ved_01HSK0RJZWY6PE27HJK1D8XN99','6ff0ad1d-b644-4be9-adba-5ebf8964b85e','2023-10-27','IngenUtbetaling','ARBTREN'),
    ('ved_01HSK0RJZWY6PE27HJK1D8XN99','6ff0ad1d-b644-4be9-adba-5ebf8964b85e','2023-10-28','IngenUtbetaling','ARBTREN'),
    ('ved_01HSK0RJZWY6PE27HJK1D8XN99','6ff0ad1d-b644-4be9-adba-5ebf8964b85e','2023-10-29','IngenUtbetaling','ARBTREN'),
    ('ved_01HSK0RJZWY6PE27HJK1D8XN99','6ff0ad1d-b644-4be9-adba-5ebf8964b85e','2023-10-30','DelvisUtbetaling','ARBTREN'),
    ('ved_01HSK0RJZWY6PE27HJK1D8XN99','6ff0ad1d-b644-4be9-adba-5ebf8964b85e','2023-10-31','DelvisUtbetaling','ARBTREN'),
    ('ved_01HSK0RJZWY6PE27HJK1D8XN99','6ff0ad1d-b644-4be9-adba-5ebf8964b85e','2023-11-01','IngenUtbetaling','ARBTREN'),
    ('ved_01HSK0RJZWY6PE27HJK1D8XN99','6ff0ad1d-b644-4be9-adba-5ebf8964b85e','2023-11-02','IngenUtbetaling','ARBTREN'),
    ('ved_01HSK0RJZWY6PE27HJK1D8XN99','6ff0ad1d-b644-4be9-adba-5ebf8964b85e','2023-11-03','IngenUtbetaling','ARBTREN'),
    ('ved_01HSK0RJZWY6PE27HJK1D8XN99','6ff0ad1d-b644-4be9-adba-5ebf8964b85e','2023-11-04','IngenUtbetaling','ARBTREN'),
    ('ved_01HSK0RJZWY6PE27HJK1D8XN99','6ff0ad1d-b644-4be9-adba-5ebf8964b85e','2023-11-05','IngenUtbetaling','ARBTREN'),
    ('ved_01HSK0XKAPBS9R7SSTK8AZS1S7','2fd81067-faf0-4ce6-835b-39bb38d08a80','2023-10-01','FullUtbetaling','ARBTREN'),
    ('ved_01HSK0XKAPBS9R7SSTK8AZS1S7','2fd81067-faf0-4ce6-835b-39bb38d08a80','2023-10-02','FullUtbetaling','ARBTREN'),
    ('ved_01HSK0XKAPBS9R7SSTK8AZS1S7','2fd81067-faf0-4ce6-835b-39bb38d08a80','2023-10-03','FullUtbetaling','ARBTREN'),
    ('ved_01HSK0XKAPBS9R7SSTK8AZS1S7','2fd81067-faf0-4ce6-835b-39bb38d08a80','2023-10-04','FullUtbetaling','ARBTREN'),
    ('ved_01HSK0XKAPBS9R7SSTK8AZS1S7','2fd81067-faf0-4ce6-835b-39bb38d08a80','2023-10-05','FullUtbetaling','ARBTREN'),
    ('ved_01HSK0XKAPBS9R7SSTK8AZS1S7','2fd81067-faf0-4ce6-835b-39bb38d08a80','2023-10-06','FullUtbetaling','ARBTREN'),
    ('ved_01HSK0XKAPBS9R7SSTK8AZS1S7','2fd81067-faf0-4ce6-835b-39bb38d08a80','2023-10-07','FullUtbetaling','ARBTREN'),
    ('ved_01HSK0XKAPBS9R7SSTK8AZS1S7','2fd81067-faf0-4ce6-835b-39bb38d08a80','2023-10-08','FullUtbetaling','ARBTREN'),
    ('ved_01HSK0XKAPBS9R7SSTK8AZS1S7','b8e65c5b-582c-4e33-84ea-7e41074e3ba9','2023-10-09','FullUtbetaling','ARBTREN'),
    ('ved_01HSK0XKAPBS9R7SSTK8AZS1S7','b8e65c5b-582c-4e33-84ea-7e41074e3ba9','2023-10-10','FullUtbetaling','ARBTREN'),
    ('ved_01HSK0XKAPBS9R7SSTK8AZS1S7','b8e65c5b-582c-4e33-84ea-7e41074e3ba9','2023-10-11','IngenUtbetaling','ARBTREN'),
    ('ved_01HSK0XKAPBS9R7SSTK8AZS1S7','b8e65c5b-582c-4e33-84ea-7e41074e3ba9','2023-10-12','IngenUtbetaling','ARBTREN'),
    ('ved_01HSK0XKAPBS9R7SSTK8AZS1S7','b8e65c5b-582c-4e33-84ea-7e41074e3ba9','2023-10-13','IngenUtbetaling','ARBTREN'),
    ('ved_01HSK0XKAPBS9R7SSTK8AZS1S7','b8e65c5b-582c-4e33-84ea-7e41074e3ba9','2023-10-14','IngenUtbetaling','ARBTREN'),
    ('ved_01HSK0XKAPBS9R7SSTK8AZS1S7','b8e65c5b-582c-4e33-84ea-7e41074e3ba9','2023-10-15','IngenUtbetaling','ARBTREN'),
    ('ved_01HSK0XKAPBS9R7SSTK8AZS1S7','b8e65c5b-582c-4e33-84ea-7e41074e3ba9','2023-10-16','FullUtbetaling','ARBTREN'),
    ('ved_01HSK0XKAPBS9R7SSTK8AZS1S7','b8e65c5b-582c-4e33-84ea-7e41074e3ba9','2023-10-17','DelvisUtbetaling','ARBTREN'),
    ('ved_01HSK0XKAPBS9R7SSTK8AZS1S7','b8e65c5b-582c-4e33-84ea-7e41074e3ba9','2023-10-18','IngenUtbetaling','ARBTREN'),
    ('ved_01HSK0XKAPBS9R7SSTK8AZS1S7','b8e65c5b-582c-4e33-84ea-7e41074e3ba9','2023-10-19','IngenUtbetaling','ARBTREN'),
    ('ved_01HSK0XKAPBS9R7SSTK8AZS1S7','b8e65c5b-582c-4e33-84ea-7e41074e3ba9','2023-10-20','IngenUtbetaling','ARBTREN'),
    ('ved_01HSK0XKAPBS9R7SSTK8AZS1S7','b8e65c5b-582c-4e33-84ea-7e41074e3ba9','2023-10-21','IngenUtbetaling','ARBTREN'),
    ('ved_01HSK0XKAPBS9R7SSTK8AZS1S7','b8e65c5b-582c-4e33-84ea-7e41074e3ba9','2023-10-22','IngenUtbetaling','ARBTREN'),
    ('ved_01HSK0XKAPBS9R7SSTK8AZS1S7','6ff0ad1d-b644-4be9-adba-5ebf8964b85e','2023-10-23','DelvisUtbetaling','ARBTREN'),
    ('ved_01HSK0XKAPBS9R7SSTK8AZS1S7','6ff0ad1d-b644-4be9-adba-5ebf8964b85e','2023-10-24','DelvisUtbetaling','ARBTREN'),
    ('ved_01HSK0XKAPBS9R7SSTK8AZS1S7','6ff0ad1d-b644-4be9-adba-5ebf8964b85e','2023-10-25','IngenUtbetaling','ARBTREN'),
    ('ved_01HSK0XKAPBS9R7SSTK8AZS1S7','6ff0ad1d-b644-4be9-adba-5ebf8964b85e','2023-10-26','IngenUtbetaling','ARBTREN'),
    ('ved_01HSK0XKAPBS9R7SSTK8AZS1S7','6ff0ad1d-b644-4be9-adba-5ebf8964b85e','2023-10-27','IngenUtbetaling','ARBTREN'),
    ('ved_01HSK0XKAPBS9R7SSTK8AZS1S7','6ff0ad1d-b644-4be9-adba-5ebf8964b85e','2023-10-28','IngenUtbetaling','ARBTREN'),
    ('ved_01HSK0XKAPBS9R7SSTK8AZS1S7','6ff0ad1d-b644-4be9-adba-5ebf8964b85e','2023-10-29','IngenUtbetaling','ARBTREN'),
    ('ved_01HSK0XKAPBS9R7SSTK8AZS1S7','6ff0ad1d-b644-4be9-adba-5ebf8964b85e','2023-10-30','DelvisUtbetaling','ARBTREN'),
    ('ved_01HSK0XKAPBS9R7SSTK8AZS1S7','6ff0ad1d-b644-4be9-adba-5ebf8964b85e','2023-10-31','DelvisUtbetaling','ARBTREN'),
    ('ved_01HSK0XKAPBS9R7SSTK8AZS1S7','6ff0ad1d-b644-4be9-adba-5ebf8964b85e','2023-11-01','IngenUtbetaling','ARBTREN'),
    ('ved_01HSK0XKAPBS9R7SSTK8AZS1S7','6ff0ad1d-b644-4be9-adba-5ebf8964b85e','2023-11-02','IngenUtbetaling','ARBTREN'),
    ('ved_01HSK0XKAPBS9R7SSTK8AZS1S7','6ff0ad1d-b644-4be9-adba-5ebf8964b85e','2023-11-03','IngenUtbetaling','ARBTREN'),
    ('ved_01HSK0XKAPBS9R7SSTK8AZS1S7','6ff0ad1d-b644-4be9-adba-5ebf8964b85e','2023-11-04','IngenUtbetaling','ARBTREN'),
    ('ved_01HSK0XKAPBS9R7SSTK8AZS1S7','6ff0ad1d-b644-4be9-adba-5ebf8964b85e','2023-11-05','IngenUtbetaling','ARBTREN'),
    ('ved_01HSK0XKAPBS9R7SSTK8AZS1S7','71f1164f-4560-46ed-8a15-a5f39f3cdf67','2023-11-06','DelvisUtbetaling','ARBTREN'),
    ('ved_01HSK0XKAPBS9R7SSTK8AZS1S7','71f1164f-4560-46ed-8a15-a5f39f3cdf67','2023-11-07','DelvisUtbetaling','ARBTREN'),
    ('ved_01HSK0XKAPBS9R7SSTK8AZS1S7','71f1164f-4560-46ed-8a15-a5f39f3cdf67','2023-11-08','IngenUtbetaling','ARBTREN'),
    ('ved_01HSK0XKAPBS9R7SSTK8AZS1S7','71f1164f-4560-46ed-8a15-a5f39f3cdf67','2023-11-09','IngenUtbetaling','ARBTREN'),
    ('ved_01HSK0XKAPBS9R7SSTK8AZS1S7','71f1164f-4560-46ed-8a15-a5f39f3cdf67','2023-11-10','IngenUtbetaling','ARBTREN'),
    ('ved_01HSK0XKAPBS9R7SSTK8AZS1S7','71f1164f-4560-46ed-8a15-a5f39f3cdf67','2023-11-11','IngenUtbetaling','ARBTREN'),
    ('ved_01HSK0XKAPBS9R7SSTK8AZS1S7','71f1164f-4560-46ed-8a15-a5f39f3cdf67','2023-11-12','IngenUtbetaling','ARBTREN'),
    ('ved_01HSK0XKAPBS9R7SSTK8AZS1S7','71f1164f-4560-46ed-8a15-a5f39f3cdf67','2023-11-13','DelvisUtbetaling','ARBTREN'),
    ('ved_01HSK0XKAPBS9R7SSTK8AZS1S7','71f1164f-4560-46ed-8a15-a5f39f3cdf67','2023-11-14','IngenUtbetaling','ARBTREN'),
    ('ved_01HSK0XKAPBS9R7SSTK8AZS1S7','71f1164f-4560-46ed-8a15-a5f39f3cdf67','2023-11-15','IngenUtbetaling','ARBTREN'),
    ('ved_01HSK0XKAPBS9R7SSTK8AZS1S7','71f1164f-4560-46ed-8a15-a5f39f3cdf67','2023-11-16','IngenUtbetaling','ARBTREN'),
    ('ved_01HSK0XKAPBS9R7SSTK8AZS1S7','71f1164f-4560-46ed-8a15-a5f39f3cdf67','2023-11-17','DelvisUtbetaling','ARBTREN'),
    ('ved_01HSK0XKAPBS9R7SSTK8AZS1S7','71f1164f-4560-46ed-8a15-a5f39f3cdf67','2023-11-18','IngenUtbetaling','ARBTREN'),
    ('ved_01HSK0XKAPBS9R7SSTK8AZS1S7','71f1164f-4560-46ed-8a15-a5f39f3cdf67','2023-11-19','IngenUtbetaling','ARBTREN'),
    ('ved_01HSK10DWPAYBQKHB6FWVAR9KW','2fd81067-faf0-4ce6-835b-39bb38d08a80','2023-10-01','FullUtbetaling','ARBTREN'),
    ('ved_01HSK10DWPAYBQKHB6FWVAR9KW','2fd81067-faf0-4ce6-835b-39bb38d08a80','2023-10-02','FullUtbetaling','ARBTREN'),
    ('ved_01HSK10DWPAYBQKHB6FWVAR9KW','2fd81067-faf0-4ce6-835b-39bb38d08a80','2023-10-03','FullUtbetaling','ARBTREN'),
    ('ved_01HSK10DWPAYBQKHB6FWVAR9KW','2fd81067-faf0-4ce6-835b-39bb38d08a80','2023-10-04','FullUtbetaling','ARBTREN'),
    ('ved_01HSK10DWPAYBQKHB6FWVAR9KW','2fd81067-faf0-4ce6-835b-39bb38d08a80','2023-10-05','FullUtbetaling','ARBTREN'),
    ('ved_01HSK10DWPAYBQKHB6FWVAR9KW','2fd81067-faf0-4ce6-835b-39bb38d08a80','2023-10-06','FullUtbetaling','ARBTREN'),
    ('ved_01HSK10DWPAYBQKHB6FWVAR9KW','2fd81067-faf0-4ce6-835b-39bb38d08a80','2023-10-07','FullUtbetaling','ARBTREN'),
    ('ved_01HSK10DWPAYBQKHB6FWVAR9KW','2fd81067-faf0-4ce6-835b-39bb38d08a80','2023-10-08','FullUtbetaling','ARBTREN'),
    ('ved_01HSK10DWPAYBQKHB6FWVAR9KW','b8e65c5b-582c-4e33-84ea-7e41074e3ba9','2023-10-09','FullUtbetaling','ARBTREN'),
    ('ved_01HSK10DWPAYBQKHB6FWVAR9KW','b8e65c5b-582c-4e33-84ea-7e41074e3ba9','2023-10-10','FullUtbetaling','ARBTREN'),
    ('ved_01HSK10DWPAYBQKHB6FWVAR9KW','b8e65c5b-582c-4e33-84ea-7e41074e3ba9','2023-10-11','IngenUtbetaling','ARBTREN'),
    ('ved_01HSK10DWPAYBQKHB6FWVAR9KW','b8e65c5b-582c-4e33-84ea-7e41074e3ba9','2023-10-12','IngenUtbetaling','ARBTREN'),
    ('ved_01HSK10DWPAYBQKHB6FWVAR9KW','b8e65c5b-582c-4e33-84ea-7e41074e3ba9','2023-10-13','IngenUtbetaling','ARBTREN'),
    ('ved_01HSK10DWPAYBQKHB6FWVAR9KW','b8e65c5b-582c-4e33-84ea-7e41074e3ba9','2023-10-14','IngenUtbetaling','ARBTREN'),
    ('ved_01HSK10DWPAYBQKHB6FWVAR9KW','b8e65c5b-582c-4e33-84ea-7e41074e3ba9','2023-10-15','IngenUtbetaling','ARBTREN'),
    ('ved_01HSK10DWPAYBQKHB6FWVAR9KW','b8e65c5b-582c-4e33-84ea-7e41074e3ba9','2023-10-16','FullUtbetaling','ARBTREN'),
    ('ved_01HSK10DWPAYBQKHB6FWVAR9KW','b8e65c5b-582c-4e33-84ea-7e41074e3ba9','2023-10-17','DelvisUtbetaling','ARBTREN'),
    ('ved_01HSK10DWPAYBQKHB6FWVAR9KW','b8e65c5b-582c-4e33-84ea-7e41074e3ba9','2023-10-18','IngenUtbetaling','ARBTREN'),
    ('ved_01HSK10DWPAYBQKHB6FWVAR9KW','b8e65c5b-582c-4e33-84ea-7e41074e3ba9','2023-10-19','IngenUtbetaling','ARBTREN'),
    ('ved_01HSK10DWPAYBQKHB6FWVAR9KW','b8e65c5b-582c-4e33-84ea-7e41074e3ba9','2023-10-20','IngenUtbetaling','ARBTREN'),
    ('ved_01HSK10DWPAYBQKHB6FWVAR9KW','b8e65c5b-582c-4e33-84ea-7e41074e3ba9','2023-10-21','IngenUtbetaling','ARBTREN'),
    ('ved_01HSK10DWPAYBQKHB6FWVAR9KW','b8e65c5b-582c-4e33-84ea-7e41074e3ba9','2023-10-22','IngenUtbetaling','ARBTREN'),
    ('ved_01HSK10DWPAYBQKHB6FWVAR9KW','6ff0ad1d-b644-4be9-adba-5ebf8964b85e','2023-10-23','DelvisUtbetaling','ARBTREN'),
    ('ved_01HSK10DWPAYBQKHB6FWVAR9KW','6ff0ad1d-b644-4be9-adba-5ebf8964b85e','2023-10-24','DelvisUtbetaling','ARBTREN'),
    ('ved_01HSK10DWPAYBQKHB6FWVAR9KW','6ff0ad1d-b644-4be9-adba-5ebf8964b85e','2023-10-25','IngenUtbetaling','ARBTREN'),
    ('ved_01HSK10DWPAYBQKHB6FWVAR9KW','6ff0ad1d-b644-4be9-adba-5ebf8964b85e','2023-10-26','IngenUtbetaling','ARBTREN'),
    ('ved_01HSK10DWPAYBQKHB6FWVAR9KW','6ff0ad1d-b644-4be9-adba-5ebf8964b85e','2023-10-27','IngenUtbetaling','ARBTREN'),
    ('ved_01HSK10DWPAYBQKHB6FWVAR9KW','6ff0ad1d-b644-4be9-adba-5ebf8964b85e','2023-10-28','IngenUtbetaling','ARBTREN'),
    ('ved_01HSK10DWPAYBQKHB6FWVAR9KW','6ff0ad1d-b644-4be9-adba-5ebf8964b85e','2023-10-29','IngenUtbetaling','ARBTREN'),
    ('ved_01HSK10DWPAYBQKHB6FWVAR9KW','6ff0ad1d-b644-4be9-adba-5ebf8964b85e','2023-10-30','DelvisUtbetaling','ARBTREN'),
    ('ved_01HSK10DWPAYBQKHB6FWVAR9KW','6ff0ad1d-b644-4be9-adba-5ebf8964b85e','2023-10-31','DelvisUtbetaling','ARBTREN'),
    ('ved_01HSK10DWPAYBQKHB6FWVAR9KW','6ff0ad1d-b644-4be9-adba-5ebf8964b85e','2023-11-01','IngenUtbetaling','ARBTREN'),
    ('ved_01HSK10DWPAYBQKHB6FWVAR9KW','6ff0ad1d-b644-4be9-adba-5ebf8964b85e','2023-11-02','IngenUtbetaling','ARBTREN'),
    ('ved_01HSK10DWPAYBQKHB6FWVAR9KW','6ff0ad1d-b644-4be9-adba-5ebf8964b85e','2023-11-03','IngenUtbetaling','ARBTREN'),
    ('ved_01HSK10DWPAYBQKHB6FWVAR9KW','6ff0ad1d-b644-4be9-adba-5ebf8964b85e','2023-11-04','IngenUtbetaling','ARBTREN'),
    ('ved_01HSK10DWPAYBQKHB6FWVAR9KW','6ff0ad1d-b644-4be9-adba-5ebf8964b85e','2023-11-05','IngenUtbetaling','ARBTREN'),
    ('ved_01HSK10DWPAYBQKHB6FWVAR9KW','71f1164f-4560-46ed-8a15-a5f39f3cdf67','2023-11-06','DelvisUtbetaling','ARBTREN'),
    ('ved_01HSK10DWPAYBQKHB6FWVAR9KW','71f1164f-4560-46ed-8a15-a5f39f3cdf67','2023-11-07','DelvisUtbetaling','ARBTREN'),
    ('ved_01HSK10DWPAYBQKHB6FWVAR9KW','71f1164f-4560-46ed-8a15-a5f39f3cdf67','2023-11-08','IngenUtbetaling','ARBTREN'),
    ('ved_01HSK10DWPAYBQKHB6FWVAR9KW','71f1164f-4560-46ed-8a15-a5f39f3cdf67','2023-11-09','IngenUtbetaling','ARBTREN'),
    ('ved_01HSK10DWPAYBQKHB6FWVAR9KW','71f1164f-4560-46ed-8a15-a5f39f3cdf67','2023-11-10','IngenUtbetaling','ARBTREN'),
    ('ved_01HSK10DWPAYBQKHB6FWVAR9KW','71f1164f-4560-46ed-8a15-a5f39f3cdf67','2023-11-11','IngenUtbetaling','ARBTREN'),
    ('ved_01HSK10DWPAYBQKHB6FWVAR9KW','71f1164f-4560-46ed-8a15-a5f39f3cdf67','2023-11-12','IngenUtbetaling','ARBTREN'),
    ('ved_01HSK10DWPAYBQKHB6FWVAR9KW','71f1164f-4560-46ed-8a15-a5f39f3cdf67','2023-11-13','DelvisUtbetaling','ARBTREN'),
    ('ved_01HSK10DWPAYBQKHB6FWVAR9KW','71f1164f-4560-46ed-8a15-a5f39f3cdf67','2023-11-14','IngenUtbetaling','ARBTREN'),
    ('ved_01HSK10DWPAYBQKHB6FWVAR9KW','71f1164f-4560-46ed-8a15-a5f39f3cdf67','2023-11-15','IngenUtbetaling','ARBTREN'),
    ('ved_01HSK10DWPAYBQKHB6FWVAR9KW','71f1164f-4560-46ed-8a15-a5f39f3cdf67','2023-11-16','IngenUtbetaling','ARBTREN'),
    ('ved_01HSK10DWPAYBQKHB6FWVAR9KW','71f1164f-4560-46ed-8a15-a5f39f3cdf67','2023-11-17','DelvisUtbetaling','ARBTREN'),
    ('ved_01HSK10DWPAYBQKHB6FWVAR9KW','71f1164f-4560-46ed-8a15-a5f39f3cdf67','2023-11-18','IngenUtbetaling','ARBTREN'),
    ('ved_01HSK10DWPAYBQKHB6FWVAR9KW','71f1164f-4560-46ed-8a15-a5f39f3cdf67','2023-11-19','IngenUtbetaling','ARBTREN'),
    ('ved_01HSK10DWPAYBQKHB6FWVAR9KW','563ba7f9-29fb-4348-bb5f-36234ec62c73','2023-11-20','FullUtbetaling','ARBTREN'),
    ('ved_01HSK10DWPAYBQKHB6FWVAR9KW','563ba7f9-29fb-4348-bb5f-36234ec62c73','2023-11-21','FullUtbetaling','ARBTREN'),
    ('ved_01HSK10DWPAYBQKHB6FWVAR9KW','563ba7f9-29fb-4348-bb5f-36234ec62c73','2023-11-22','IngenUtbetaling','ARBTREN'),
    ('ved_01HSK10DWPAYBQKHB6FWVAR9KW','563ba7f9-29fb-4348-bb5f-36234ec62c73','2023-11-23','IngenUtbetaling','ARBTREN'),
    ('ved_01HSK10DWPAYBQKHB6FWVAR9KW','563ba7f9-29fb-4348-bb5f-36234ec62c73','2023-11-24','IngenUtbetaling','ARBTREN'),
    ('ved_01HSK10DWPAYBQKHB6FWVAR9KW','563ba7f9-29fb-4348-bb5f-36234ec62c73','2023-11-25','IngenUtbetaling','ARBTREN'),
    ('ved_01HSK10DWPAYBQKHB6FWVAR9KW','563ba7f9-29fb-4348-bb5f-36234ec62c73','2023-11-26','IngenUtbetaling','ARBTREN'),
    ('ved_01HSK10DWPAYBQKHB6FWVAR9KW','563ba7f9-29fb-4348-bb5f-36234ec62c73','2023-11-27','FullUtbetaling','ARBTREN'),
    ('ved_01HSK10DWPAYBQKHB6FWVAR9KW','563ba7f9-29fb-4348-bb5f-36234ec62c73','2023-11-28','FullUtbetaling','ARBTREN'),
    ('ved_01HSK10DWPAYBQKHB6FWVAR9KW','563ba7f9-29fb-4348-bb5f-36234ec62c73','2023-11-29','IngenUtbetaling','ARBTREN'),
    ('ved_01HSK10DWPAYBQKHB6FWVAR9KW','563ba7f9-29fb-4348-bb5f-36234ec62c73','2023-11-30','IngenUtbetaling','ARBTREN'),
    ('ved_01HSK10DWPAYBQKHB6FWVAR9KW','563ba7f9-29fb-4348-bb5f-36234ec62c73','2023-12-01','IngenUtbetaling','ARBTREN'),
    ('ved_01HSK10DWPAYBQKHB6FWVAR9KW','563ba7f9-29fb-4348-bb5f-36234ec62c73','2023-12-02','IngenUtbetaling','ARBTREN'),
    ('ved_01HSK10DWPAYBQKHB6FWVAR9KW','563ba7f9-29fb-4348-bb5f-36234ec62c73','2023-12-03','IngenUtbetaling','ARBTREN'),
    ('ved_01HSK14G0DVVMBKSKV98W0F5MK','2fd81067-faf0-4ce6-835b-39bb38d08a80','2023-10-01','FullUtbetaling','ARBTREN'),
    ('ved_01HSK14G0DVVMBKSKV98W0F5MK','2fd81067-faf0-4ce6-835b-39bb38d08a80','2023-10-02','FullUtbetaling','ARBTREN'),
    ('ved_01HSK14G0DVVMBKSKV98W0F5MK','2fd81067-faf0-4ce6-835b-39bb38d08a80','2023-10-03','FullUtbetaling','ARBTREN'),
    ('ved_01HSK14G0DVVMBKSKV98W0F5MK','2fd81067-faf0-4ce6-835b-39bb38d08a80','2023-10-04','FullUtbetaling','ARBTREN'),
    ('ved_01HSK14G0DVVMBKSKV98W0F5MK','2fd81067-faf0-4ce6-835b-39bb38d08a80','2023-10-05','FullUtbetaling','ARBTREN'),
    ('ved_01HSK14G0DVVMBKSKV98W0F5MK','2fd81067-faf0-4ce6-835b-39bb38d08a80','2023-10-06','FullUtbetaling','ARBTREN'),
    ('ved_01HSK14G0DVVMBKSKV98W0F5MK','2fd81067-faf0-4ce6-835b-39bb38d08a80','2023-10-07','FullUtbetaling','ARBTREN'),
    ('ved_01HSK14G0DVVMBKSKV98W0F5MK','2fd81067-faf0-4ce6-835b-39bb38d08a80','2023-10-08','FullUtbetaling','ARBTREN'),
    ('ved_01HSK14G0DVVMBKSKV98W0F5MK','b8e65c5b-582c-4e33-84ea-7e41074e3ba9','2023-10-09','FullUtbetaling','ARBTREN'),
    ('ved_01HSK14G0DVVMBKSKV98W0F5MK','b8e65c5b-582c-4e33-84ea-7e41074e3ba9','2023-10-10','FullUtbetaling','ARBTREN'),
    ('ved_01HSK14G0DVVMBKSKV98W0F5MK','b8e65c5b-582c-4e33-84ea-7e41074e3ba9','2023-10-11','IngenUtbetaling','ARBTREN'),
    ('ved_01HSK14G0DVVMBKSKV98W0F5MK','b8e65c5b-582c-4e33-84ea-7e41074e3ba9','2023-10-12','IngenUtbetaling','ARBTREN'),
    ('ved_01HSK14G0DVVMBKSKV98W0F5MK','b8e65c5b-582c-4e33-84ea-7e41074e3ba9','2023-10-13','IngenUtbetaling','ARBTREN'),
    ('ved_01HSK14G0DVVMBKSKV98W0F5MK','b8e65c5b-582c-4e33-84ea-7e41074e3ba9','2023-10-14','IngenUtbetaling','ARBTREN'),
    ('ved_01HSK14G0DVVMBKSKV98W0F5MK','b8e65c5b-582c-4e33-84ea-7e41074e3ba9','2023-10-15','IngenUtbetaling','ARBTREN'),
    ('ved_01HSK14G0DVVMBKSKV98W0F5MK','b8e65c5b-582c-4e33-84ea-7e41074e3ba9','2023-10-16','FullUtbetaling','ARBTREN'),
    ('ved_01HSK14G0DVVMBKSKV98W0F5MK','b8e65c5b-582c-4e33-84ea-7e41074e3ba9','2023-10-17','DelvisUtbetaling','ARBTREN'),
    ('ved_01HSK14G0DVVMBKSKV98W0F5MK','b8e65c5b-582c-4e33-84ea-7e41074e3ba9','2023-10-18','IngenUtbetaling','ARBTREN'),
    ('ved_01HSK14G0DVVMBKSKV98W0F5MK','b8e65c5b-582c-4e33-84ea-7e41074e3ba9','2023-10-19','IngenUtbetaling','ARBTREN'),
    ('ved_01HSK14G0DVVMBKSKV98W0F5MK','b8e65c5b-582c-4e33-84ea-7e41074e3ba9','2023-10-20','IngenUtbetaling','ARBTREN'),
    ('ved_01HSK14G0DVVMBKSKV98W0F5MK','b8e65c5b-582c-4e33-84ea-7e41074e3ba9','2023-10-21','IngenUtbetaling','ARBTREN'),
    ('ved_01HSK14G0DVVMBKSKV98W0F5MK','b8e65c5b-582c-4e33-84ea-7e41074e3ba9','2023-10-22','IngenUtbetaling','ARBTREN'),
    ('ved_01HSK14G0DVVMBKSKV98W0F5MK','6ff0ad1d-b644-4be9-adba-5ebf8964b85e','2023-10-23','DelvisUtbetaling','ARBTREN'),
    ('ved_01HSK14G0DVVMBKSKV98W0F5MK','6ff0ad1d-b644-4be9-adba-5ebf8964b85e','2023-10-24','DelvisUtbetaling','ARBTREN'),
    ('ved_01HSK14G0DVVMBKSKV98W0F5MK','6ff0ad1d-b644-4be9-adba-5ebf8964b85e','2023-10-25','IngenUtbetaling','ARBTREN'),
    ('ved_01HSK14G0DVVMBKSKV98W0F5MK','6ff0ad1d-b644-4be9-adba-5ebf8964b85e','2023-10-26','IngenUtbetaling','ARBTREN'),
    ('ved_01HSK14G0DVVMBKSKV98W0F5MK','6ff0ad1d-b644-4be9-adba-5ebf8964b85e','2023-10-27','IngenUtbetaling','ARBTREN'),
    ('ved_01HSK14G0DVVMBKSKV98W0F5MK','6ff0ad1d-b644-4be9-adba-5ebf8964b85e','2023-10-28','IngenUtbetaling','ARBTREN'),
    ('ved_01HSK14G0DVVMBKSKV98W0F5MK','6ff0ad1d-b644-4be9-adba-5ebf8964b85e','2023-10-29','IngenUtbetaling','ARBTREN'),
    ('ved_01HSK14G0DVVMBKSKV98W0F5MK','6ff0ad1d-b644-4be9-adba-5ebf8964b85e','2023-10-30','DelvisUtbetaling','ARBTREN'),
    ('ved_01HSK14G0DVVMBKSKV98W0F5MK','6ff0ad1d-b644-4be9-adba-5ebf8964b85e','2023-10-31','DelvisUtbetaling','ARBTREN'),
    ('ved_01HSK14G0DVVMBKSKV98W0F5MK','6ff0ad1d-b644-4be9-adba-5ebf8964b85e','2023-11-01','IngenUtbetaling','ARBTREN'),
    ('ved_01HSK14G0DVVMBKSKV98W0F5MK','6ff0ad1d-b644-4be9-adba-5ebf8964b85e','2023-11-02','IngenUtbetaling','ARBTREN'),
    ('ved_01HSK14G0DVVMBKSKV98W0F5MK','6ff0ad1d-b644-4be9-adba-5ebf8964b85e','2023-11-03','IngenUtbetaling','ARBTREN'),
    ('ved_01HSK14G0DVVMBKSKV98W0F5MK','6ff0ad1d-b644-4be9-adba-5ebf8964b85e','2023-11-04','IngenUtbetaling','ARBTREN'),
    ('ved_01HSK14G0DVVMBKSKV98W0F5MK','6ff0ad1d-b644-4be9-adba-5ebf8964b85e','2023-11-05','IngenUtbetaling','ARBTREN'),
    ('ved_01HSK14G0DVVMBKSKV98W0F5MK','71f1164f-4560-46ed-8a15-a5f39f3cdf67','2023-11-06','DelvisUtbetaling','ARBTREN'),
    ('ved_01HSK14G0DVVMBKSKV98W0F5MK','71f1164f-4560-46ed-8a15-a5f39f3cdf67','2023-11-07','DelvisUtbetaling','ARBTREN'),
    ('ved_01HSK14G0DVVMBKSKV98W0F5MK','71f1164f-4560-46ed-8a15-a5f39f3cdf67','2023-11-08','IngenUtbetaling','ARBTREN'),
    ('ved_01HSK14G0DVVMBKSKV98W0F5MK','71f1164f-4560-46ed-8a15-a5f39f3cdf67','2023-11-09','IngenUtbetaling','ARBTREN'),
    ('ved_01HSK14G0DVVMBKSKV98W0F5MK','71f1164f-4560-46ed-8a15-a5f39f3cdf67','2023-11-10','IngenUtbetaling','ARBTREN'),
    ('ved_01HSK14G0DVVMBKSKV98W0F5MK','71f1164f-4560-46ed-8a15-a5f39f3cdf67','2023-11-11','IngenUtbetaling','ARBTREN'),
    ('ved_01HSK14G0DVVMBKSKV98W0F5MK','71f1164f-4560-46ed-8a15-a5f39f3cdf67','2023-11-12','IngenUtbetaling','ARBTREN'),
    ('ved_01HSK14G0DVVMBKSKV98W0F5MK','71f1164f-4560-46ed-8a15-a5f39f3cdf67','2023-11-13','DelvisUtbetaling','ARBTREN'),
    ('ved_01HSK14G0DVVMBKSKV98W0F5MK','71f1164f-4560-46ed-8a15-a5f39f3cdf67','2023-11-14','IngenUtbetaling','ARBTREN'),
    ('ved_01HSK14G0DVVMBKSKV98W0F5MK','71f1164f-4560-46ed-8a15-a5f39f3cdf67','2023-11-15','IngenUtbetaling','ARBTREN'),
    ('ved_01HSK14G0DVVMBKSKV98W0F5MK','71f1164f-4560-46ed-8a15-a5f39f3cdf67','2023-11-16','IngenUtbetaling','ARBTREN'),
    ('ved_01HSK14G0DVVMBKSKV98W0F5MK','71f1164f-4560-46ed-8a15-a5f39f3cdf67','2023-11-17','DelvisUtbetaling','ARBTREN'),
    ('ved_01HSK14G0DVVMBKSKV98W0F5MK','71f1164f-4560-46ed-8a15-a5f39f3cdf67','2023-11-18','IngenUtbetaling','ARBTREN'),
    ('ved_01HSK14G0DVVMBKSKV98W0F5MK','71f1164f-4560-46ed-8a15-a5f39f3cdf67','2023-11-19','IngenUtbetaling','ARBTREN'),
    ('ved_01HSK14G0DVVMBKSKV98W0F5MK','563ba7f9-29fb-4348-bb5f-36234ec62c73','2023-11-20','FullUtbetaling','ARBTREN'),
    ('ved_01HSK14G0DVVMBKSKV98W0F5MK','563ba7f9-29fb-4348-bb5f-36234ec62c73','2023-11-21','FullUtbetaling','ARBTREN'),
    ('ved_01HSK14G0DVVMBKSKV98W0F5MK','563ba7f9-29fb-4348-bb5f-36234ec62c73','2023-11-22','IngenUtbetaling','ARBTREN'),
    ('ved_01HSK14G0DVVMBKSKV98W0F5MK','563ba7f9-29fb-4348-bb5f-36234ec62c73','2023-11-23','IngenUtbetaling','ARBTREN'),
    ('ved_01HSK14G0DVVMBKSKV98W0F5MK','563ba7f9-29fb-4348-bb5f-36234ec62c73','2023-11-24','IngenUtbetaling','ARBTREN'),
    ('ved_01HSK14G0DVVMBKSKV98W0F5MK','563ba7f9-29fb-4348-bb5f-36234ec62c73','2023-11-25','IngenUtbetaling','ARBTREN'),
    ('ved_01HSK14G0DVVMBKSKV98W0F5MK','563ba7f9-29fb-4348-bb5f-36234ec62c73','2023-11-26','IngenUtbetaling','ARBTREN'),
    ('ved_01HSK14G0DVVMBKSKV98W0F5MK','563ba7f9-29fb-4348-bb5f-36234ec62c73','2023-11-27','FullUtbetaling','ARBTREN'),
    ('ved_01HSK14G0DVVMBKSKV98W0F5MK','563ba7f9-29fb-4348-bb5f-36234ec62c73','2023-11-28','FullUtbetaling','ARBTREN'),
    ('ved_01HSK14G0DVVMBKSKV98W0F5MK','563ba7f9-29fb-4348-bb5f-36234ec62c73','2023-11-29','IngenUtbetaling','ARBTREN'),
    ('ved_01HSK14G0DVVMBKSKV98W0F5MK','563ba7f9-29fb-4348-bb5f-36234ec62c73','2023-11-30','IngenUtbetaling','ARBTREN'),
    ('ved_01HSK14G0DVVMBKSKV98W0F5MK','563ba7f9-29fb-4348-bb5f-36234ec62c73','2023-12-01','IngenUtbetaling','ARBTREN'),
    ('ved_01HSK14G0DVVMBKSKV98W0F5MK','563ba7f9-29fb-4348-bb5f-36234ec62c73','2023-12-02','IngenUtbetaling','ARBTREN'),
    ('ved_01HSK14G0DVVMBKSKV98W0F5MK','563ba7f9-29fb-4348-bb5f-36234ec62c73','2023-12-03','IngenUtbetaling','ARBTREN'),
    ('ved_01HSK14G0DVVMBKSKV98W0F5MK','41dae146-a923-4da7-9bb3-a27c12751818','2023-12-04','DelvisUtbetaling','ARBTREN'),
    ('ved_01HSK14G0DVVMBKSKV98W0F5MK','41dae146-a923-4da7-9bb3-a27c12751818','2023-12-05','FullUtbetaling','ARBTREN'),
    ('ved_01HSK14G0DVVMBKSKV98W0F5MK','41dae146-a923-4da7-9bb3-a27c12751818','2023-12-06','IngenUtbetaling','ARBTREN'),
    ('ved_01HSK14G0DVVMBKSKV98W0F5MK','41dae146-a923-4da7-9bb3-a27c12751818','2023-12-07','IngenUtbetaling','ARBTREN'),
    ('ved_01HSK14G0DVVMBKSKV98W0F5MK','41dae146-a923-4da7-9bb3-a27c12751818','2023-12-08','IngenUtbetaling','ARBTREN'),
    ('ved_01HSK14G0DVVMBKSKV98W0F5MK','41dae146-a923-4da7-9bb3-a27c12751818','2023-12-09','IngenUtbetaling','ARBTREN'),
    ('ved_01HSK14G0DVVMBKSKV98W0F5MK','41dae146-a923-4da7-9bb3-a27c12751818','2023-12-10','IngenUtbetaling','ARBTREN'),
    ('ved_01HSK14G0DVVMBKSKV98W0F5MK','41dae146-a923-4da7-9bb3-a27c12751818','2023-12-11','FullUtbetaling','ARBTREN'),
    ('ved_01HSK14G0DVVMBKSKV98W0F5MK','41dae146-a923-4da7-9bb3-a27c12751818','2023-12-12','FullUtbetaling','ARBTREN'),
    ('ved_01HSK14G0DVVMBKSKV98W0F5MK','41dae146-a923-4da7-9bb3-a27c12751818','2023-12-13','IngenUtbetaling','ARBTREN'),
    ('ved_01HSK14G0DVVMBKSKV98W0F5MK','41dae146-a923-4da7-9bb3-a27c12751818','2023-12-14','IngenUtbetaling','ARBTREN'),
    ('ved_01HSK14G0DVVMBKSKV98W0F5MK','41dae146-a923-4da7-9bb3-a27c12751818','2023-12-15','IngenUtbetaling','ARBTREN'),
    ('ved_01HSK14G0DVVMBKSKV98W0F5MK','41dae146-a923-4da7-9bb3-a27c12751818','2023-12-16','IngenUtbetaling','ARBTREN'),
    ('ved_01HSK14G0DVVMBKSKV98W0F5MK','41dae146-a923-4da7-9bb3-a27c12751818','2023-12-17','IngenUtbetaling','ARBTREN'),
    ('ved_01HSK7YCHBPXH30NB7AC6CBRXC','2fd81067-faf0-4ce6-835b-39bb38d08a80','2023-10-01','FullUtbetaling','ARBTREN'),
    ('ved_01HSK7YCHBPXH30NB7AC6CBRXC','2fd81067-faf0-4ce6-835b-39bb38d08a80','2023-10-02','FullUtbetaling','ARBTREN'),
    ('ved_01HSK7YCHBPXH30NB7AC6CBRXC','2fd81067-faf0-4ce6-835b-39bb38d08a80','2023-10-03','FullUtbetaling','ARBTREN'),
    ('ved_01HSK7YCHBPXH30NB7AC6CBRXC','2fd81067-faf0-4ce6-835b-39bb38d08a80','2023-10-04','FullUtbetaling','ARBTREN'),
    ('ved_01HSK7YCHBPXH30NB7AC6CBRXC','2fd81067-faf0-4ce6-835b-39bb38d08a80','2023-10-05','FullUtbetaling','ARBTREN'),
    ('ved_01HSK7YCHBPXH30NB7AC6CBRXC','2fd81067-faf0-4ce6-835b-39bb38d08a80','2023-10-06','FullUtbetaling','ARBTREN'),
    ('ved_01HSK7YCHBPXH30NB7AC6CBRXC','2fd81067-faf0-4ce6-835b-39bb38d08a80','2023-10-07','FullUtbetaling','ARBTREN'),
    ('ved_01HSK7YCHBPXH30NB7AC6CBRXC','2fd81067-faf0-4ce6-835b-39bb38d08a80','2023-10-08','FullUtbetaling','ARBTREN'),
    ('ved_01HSK7YCHBPXH30NB7AC6CBRXC','b8e65c5b-582c-4e33-84ea-7e41074e3ba9','2023-10-09','FullUtbetaling','ARBTREN'),
    ('ved_01HSK7YCHBPXH30NB7AC6CBRXC','b8e65c5b-582c-4e33-84ea-7e41074e3ba9','2023-10-10','FullUtbetaling','ARBTREN'),
    ('ved_01HSK7YCHBPXH30NB7AC6CBRXC','b8e65c5b-582c-4e33-84ea-7e41074e3ba9','2023-10-11','IngenUtbetaling','ARBTREN'),
    ('ved_01HSK7YCHBPXH30NB7AC6CBRXC','b8e65c5b-582c-4e33-84ea-7e41074e3ba9','2023-10-12','IngenUtbetaling','ARBTREN'),
    ('ved_01HSK7YCHBPXH30NB7AC6CBRXC','b8e65c5b-582c-4e33-84ea-7e41074e3ba9','2023-10-13','IngenUtbetaling','ARBTREN'),
    ('ved_01HSK7YCHBPXH30NB7AC6CBRXC','b8e65c5b-582c-4e33-84ea-7e41074e3ba9','2023-10-14','IngenUtbetaling','ARBTREN'),
    ('ved_01HSK7YCHBPXH30NB7AC6CBRXC','b8e65c5b-582c-4e33-84ea-7e41074e3ba9','2023-10-15','IngenUtbetaling','ARBTREN'),
    ('ved_01HSK7YCHBPXH30NB7AC6CBRXC','b8e65c5b-582c-4e33-84ea-7e41074e3ba9','2023-10-16','FullUtbetaling','ARBTREN'),
    ('ved_01HSK7YCHBPXH30NB7AC6CBRXC','b8e65c5b-582c-4e33-84ea-7e41074e3ba9','2023-10-17','DelvisUtbetaling','ARBTREN'),
    ('ved_01HSK7YCHBPXH30NB7AC6CBRXC','b8e65c5b-582c-4e33-84ea-7e41074e3ba9','2023-10-18','IngenUtbetaling','ARBTREN'),
    ('ved_01HSK7YCHBPXH30NB7AC6CBRXC','b8e65c5b-582c-4e33-84ea-7e41074e3ba9','2023-10-19','IngenUtbetaling','ARBTREN'),
    ('ved_01HSK7YCHBPXH30NB7AC6CBRXC','b8e65c5b-582c-4e33-84ea-7e41074e3ba9','2023-10-20','IngenUtbetaling','ARBTREN'),
    ('ved_01HSK7YCHBPXH30NB7AC6CBRXC','b8e65c5b-582c-4e33-84ea-7e41074e3ba9','2023-10-21','IngenUtbetaling','ARBTREN'),
    ('ved_01HSK7YCHBPXH30NB7AC6CBRXC','b8e65c5b-582c-4e33-84ea-7e41074e3ba9','2023-10-22','IngenUtbetaling','ARBTREN'),
    ('ved_01HSK7YCHBPXH30NB7AC6CBRXC','6ff0ad1d-b644-4be9-adba-5ebf8964b85e','2023-10-23','DelvisUtbetaling','ARBTREN'),
    ('ved_01HSK7YCHBPXH30NB7AC6CBRXC','6ff0ad1d-b644-4be9-adba-5ebf8964b85e','2023-10-24','DelvisUtbetaling','ARBTREN'),
    ('ved_01HSK7YCHBPXH30NB7AC6CBRXC','6ff0ad1d-b644-4be9-adba-5ebf8964b85e','2023-10-25','IngenUtbetaling','ARBTREN'),
    ('ved_01HSK7YCHBPXH30NB7AC6CBRXC','6ff0ad1d-b644-4be9-adba-5ebf8964b85e','2023-10-26','IngenUtbetaling','ARBTREN'),
    ('ved_01HSK7YCHBPXH30NB7AC6CBRXC','6ff0ad1d-b644-4be9-adba-5ebf8964b85e','2023-10-27','IngenUtbetaling','ARBTREN'),
    ('ved_01HSK7YCHBPXH30NB7AC6CBRXC','6ff0ad1d-b644-4be9-adba-5ebf8964b85e','2023-10-28','IngenUtbetaling','ARBTREN'),
    ('ved_01HSK7YCHBPXH30NB7AC6CBRXC','6ff0ad1d-b644-4be9-adba-5ebf8964b85e','2023-10-29','IngenUtbetaling','ARBTREN'),
    ('ved_01HSK7YCHBPXH30NB7AC6CBRXC','6ff0ad1d-b644-4be9-adba-5ebf8964b85e','2023-10-30','DelvisUtbetaling','ARBTREN'),
    ('ved_01HSK7YCHBPXH30NB7AC6CBRXC','6ff0ad1d-b644-4be9-adba-5ebf8964b85e','2023-10-31','DelvisUtbetaling','ARBTREN'),
    ('ved_01HSK7YCHBPXH30NB7AC6CBRXC','6ff0ad1d-b644-4be9-adba-5ebf8964b85e','2023-11-01','IngenUtbetaling','ARBTREN'),
    ('ved_01HSK7YCHBPXH30NB7AC6CBRXC','6ff0ad1d-b644-4be9-adba-5ebf8964b85e','2023-11-02','IngenUtbetaling','ARBTREN'),
    ('ved_01HSK7YCHBPXH30NB7AC6CBRXC','6ff0ad1d-b644-4be9-adba-5ebf8964b85e','2023-11-03','IngenUtbetaling','ARBTREN'),
    ('ved_01HSK7YCHBPXH30NB7AC6CBRXC','6ff0ad1d-b644-4be9-adba-5ebf8964b85e','2023-11-04','IngenUtbetaling','ARBTREN'),
    ('ved_01HSK7YCHBPXH30NB7AC6CBRXC','6ff0ad1d-b644-4be9-adba-5ebf8964b85e','2023-11-05','IngenUtbetaling','ARBTREN'),
    ('ved_01HSK7YCHBPXH30NB7AC6CBRXC','71f1164f-4560-46ed-8a15-a5f39f3cdf67','2023-11-06','DelvisUtbetaling','ARBTREN'),
    ('ved_01HSK7YCHBPXH30NB7AC6CBRXC','71f1164f-4560-46ed-8a15-a5f39f3cdf67','2023-11-07','DelvisUtbetaling','ARBTREN'),
    ('ved_01HSK7YCHBPXH30NB7AC6CBRXC','71f1164f-4560-46ed-8a15-a5f39f3cdf67','2023-11-08','IngenUtbetaling','ARBTREN'),
    ('ved_01HSK7YCHBPXH30NB7AC6CBRXC','71f1164f-4560-46ed-8a15-a5f39f3cdf67','2023-11-09','IngenUtbetaling','ARBTREN'),
    ('ved_01HSK7YCHBPXH30NB7AC6CBRXC','71f1164f-4560-46ed-8a15-a5f39f3cdf67','2023-11-10','IngenUtbetaling','ARBTREN'),
    ('ved_01HSK7YCHBPXH30NB7AC6CBRXC','71f1164f-4560-46ed-8a15-a5f39f3cdf67','2023-11-11','IngenUtbetaling','ARBTREN'),
    ('ved_01HSK7YCHBPXH30NB7AC6CBRXC','71f1164f-4560-46ed-8a15-a5f39f3cdf67','2023-11-12','IngenUtbetaling','ARBTREN'),
    ('ved_01HSK7YCHBPXH30NB7AC6CBRXC','71f1164f-4560-46ed-8a15-a5f39f3cdf67','2023-11-13','DelvisUtbetaling','ARBTREN'),
    ('ved_01HSK7YCHBPXH30NB7AC6CBRXC','71f1164f-4560-46ed-8a15-a5f39f3cdf67','2023-11-14','IngenUtbetaling','ARBTREN'),
    ('ved_01HSK7YCHBPXH30NB7AC6CBRXC','71f1164f-4560-46ed-8a15-a5f39f3cdf67','2023-11-15','IngenUtbetaling','ARBTREN'),
    ('ved_01HSK7YCHBPXH30NB7AC6CBRXC','71f1164f-4560-46ed-8a15-a5f39f3cdf67','2023-11-16','IngenUtbetaling','ARBTREN'),
    ('ved_01HSK7YCHBPXH30NB7AC6CBRXC','71f1164f-4560-46ed-8a15-a5f39f3cdf67','2023-11-17','DelvisUtbetaling','ARBTREN'),
    ('ved_01HSK7YCHBPXH30NB7AC6CBRXC','71f1164f-4560-46ed-8a15-a5f39f3cdf67','2023-11-18','IngenUtbetaling','ARBTREN'),
    ('ved_01HSK7YCHBPXH30NB7AC6CBRXC','71f1164f-4560-46ed-8a15-a5f39f3cdf67','2023-11-19','IngenUtbetaling','ARBTREN'),
    ('ved_01HSK7YCHBPXH30NB7AC6CBRXC','563ba7f9-29fb-4348-bb5f-36234ec62c73','2023-11-20','FullUtbetaling','ARBTREN'),
    ('ved_01HSK7YCHBPXH30NB7AC6CBRXC','563ba7f9-29fb-4348-bb5f-36234ec62c73','2023-11-21','FullUtbetaling','ARBTREN'),
    ('ved_01HSK7YCHBPXH30NB7AC6CBRXC','563ba7f9-29fb-4348-bb5f-36234ec62c73','2023-11-22','IngenUtbetaling','ARBTREN'),
    ('ved_01HSK7YCHBPXH30NB7AC6CBRXC','563ba7f9-29fb-4348-bb5f-36234ec62c73','2023-11-23','IngenUtbetaling','ARBTREN'),
    ('ved_01HSK7YCHBPXH30NB7AC6CBRXC','563ba7f9-29fb-4348-bb5f-36234ec62c73','2023-11-24','IngenUtbetaling','ARBTREN'),
    ('ved_01HSK7YCHBPXH30NB7AC6CBRXC','563ba7f9-29fb-4348-bb5f-36234ec62c73','2023-11-25','IngenUtbetaling','ARBTREN'),
    ('ved_01HSK7YCHBPXH30NB7AC6CBRXC','563ba7f9-29fb-4348-bb5f-36234ec62c73','2023-11-26','IngenUtbetaling','ARBTREN'),
    ('ved_01HSK7YCHBPXH30NB7AC6CBRXC','563ba7f9-29fb-4348-bb5f-36234ec62c73','2023-11-27','FullUtbetaling','ARBTREN'),
    ('ved_01HSK7YCHBPXH30NB7AC6CBRXC','563ba7f9-29fb-4348-bb5f-36234ec62c73','2023-11-28','FullUtbetaling','ARBTREN'),
    ('ved_01HSK7YCHBPXH30NB7AC6CBRXC','563ba7f9-29fb-4348-bb5f-36234ec62c73','2023-11-29','IngenUtbetaling','ARBTREN'),
    ('ved_01HSK7YCHBPXH30NB7AC6CBRXC','563ba7f9-29fb-4348-bb5f-36234ec62c73','2023-11-30','IngenUtbetaling','ARBTREN'),
    ('ved_01HSK7YCHBPXH30NB7AC6CBRXC','563ba7f9-29fb-4348-bb5f-36234ec62c73','2023-12-01','IngenUtbetaling','ARBTREN'),
    ('ved_01HSK7YCHBPXH30NB7AC6CBRXC','563ba7f9-29fb-4348-bb5f-36234ec62c73','2023-12-02','IngenUtbetaling','ARBTREN'),
    ('ved_01HSK7YCHBPXH30NB7AC6CBRXC','563ba7f9-29fb-4348-bb5f-36234ec62c73','2023-12-03','IngenUtbetaling','ARBTREN'),
    ('ved_01HSK7YCHBPXH30NB7AC6CBRXC','41dae146-a923-4da7-9bb3-a27c12751818','2023-12-04','FullUtbetaling','ARBTREN'),
    ('ved_01HSK7YCHBPXH30NB7AC6CBRXC','41dae146-a923-4da7-9bb3-a27c12751818','2023-12-05','FullUtbetaling','ARBTREN'),
    ('ved_01HSK7YCHBPXH30NB7AC6CBRXC','41dae146-a923-4da7-9bb3-a27c12751818','2023-12-06','IngenUtbetaling','ARBTREN'),
    ('ved_01HSK7YCHBPXH30NB7AC6CBRXC','41dae146-a923-4da7-9bb3-a27c12751818','2023-12-07','IngenUtbetaling','ARBTREN'),
    ('ved_01HSK7YCHBPXH30NB7AC6CBRXC','41dae146-a923-4da7-9bb3-a27c12751818','2023-12-08','IngenUtbetaling','ARBTREN'),
    ('ved_01HSK7YCHBPXH30NB7AC6CBRXC','41dae146-a923-4da7-9bb3-a27c12751818','2023-12-09','IngenUtbetaling','ARBTREN'),
    ('ved_01HSK7YCHBPXH30NB7AC6CBRXC','41dae146-a923-4da7-9bb3-a27c12751818','2023-12-10','IngenUtbetaling','ARBTREN'),
    ('ved_01HSK7YCHBPXH30NB7AC6CBRXC','41dae146-a923-4da7-9bb3-a27c12751818','2023-12-11','FullUtbetaling','ARBTREN'),
    ('ved_01HSK7YCHBPXH30NB7AC6CBRXC','41dae146-a923-4da7-9bb3-a27c12751818','2023-12-12','FullUtbetaling','ARBTREN'),
    ('ved_01HSK7YCHBPXH30NB7AC6CBRXC','41dae146-a923-4da7-9bb3-a27c12751818','2023-12-13','IngenUtbetaling','ARBTREN'),
    ('ved_01HSK7YCHBPXH30NB7AC6CBRXC','41dae146-a923-4da7-9bb3-a27c12751818','2023-12-14','IngenUtbetaling','ARBTREN'),
    ('ved_01HSK7YCHBPXH30NB7AC6CBRXC','41dae146-a923-4da7-9bb3-a27c12751818','2023-12-15','IngenUtbetaling','ARBTREN'),
    ('ved_01HSK7YCHBPXH30NB7AC6CBRXC','41dae146-a923-4da7-9bb3-a27c12751818','2023-12-16','IngenUtbetaling','ARBTREN'),
    ('ved_01HSK7YCHBPXH30NB7AC6CBRXC','41dae146-a923-4da7-9bb3-a27c12751818','2023-12-17','IngenUtbetaling','ARBTREN'),
    ('ved_01HSK7YCHBPXH30NB7AC6CBRXC','4872a376-6ef3-4c24-90b4-c39389f90e45','2023-12-18','FullUtbetaling','ARBTREN'),
    ('ved_01HSK7YCHBPXH30NB7AC6CBRXC','4872a376-6ef3-4c24-90b4-c39389f90e45','2023-12-19','FullUtbetaling','ARBTREN'),
    ('ved_01HSK7YCHBPXH30NB7AC6CBRXC','4872a376-6ef3-4c24-90b4-c39389f90e45','2023-12-20','IngenUtbetaling','ARBTREN'),
    ('ved_01HSK7YCHBPXH30NB7AC6CBRXC','4872a376-6ef3-4c24-90b4-c39389f90e45','2023-12-21','IngenUtbetaling','ARBTREN'),
    ('ved_01HSK7YCHBPXH30NB7AC6CBRXC','4872a376-6ef3-4c24-90b4-c39389f90e45','2023-12-22','IngenUtbetaling','ARBTREN'),
    ('ved_01HSK7YCHBPXH30NB7AC6CBRXC','4872a376-6ef3-4c24-90b4-c39389f90e45','2023-12-23','IngenUtbetaling','ARBTREN'),
    ('ved_01HSK7YCHBPXH30NB7AC6CBRXC','4872a376-6ef3-4c24-90b4-c39389f90e45','2023-12-24','IngenUtbetaling','ARBTREN'),
    ('ved_01HSK7YCHBPXH30NB7AC6CBRXC','4872a376-6ef3-4c24-90b4-c39389f90e45','2023-12-25','FullUtbetaling','ARBTREN'),
    ('ved_01HSK7YCHBPXH30NB7AC6CBRXC','4872a376-6ef3-4c24-90b4-c39389f90e45','2023-12-26','IngenUtbetaling','ARBTREN'),
    ('ved_01HSK7YCHBPXH30NB7AC6CBRXC','4872a376-6ef3-4c24-90b4-c39389f90e45','2023-12-27','IngenUtbetaling','ARBTREN'),
    ('ved_01HSK7YCHBPXH30NB7AC6CBRXC','4872a376-6ef3-4c24-90b4-c39389f90e45','2023-12-28','IngenUtbetaling','ARBTREN'),
    ('ved_01HSK7YCHBPXH30NB7AC6CBRXC','4872a376-6ef3-4c24-90b4-c39389f90e45','2023-12-29','FullUtbetaling','ARBTREN'),
    ('ved_01HSK7YCHBPXH30NB7AC6CBRXC','4872a376-6ef3-4c24-90b4-c39389f90e45','2023-12-30','IngenUtbetaling','ARBTREN'),
    ('ved_01HSK7YCHBPXH30NB7AC6CBRXC','4872a376-6ef3-4c24-90b4-c39389f90e45','2023-12-31','IngenUtbetaling','ARBTREN'),
    ('ved_01HSK80E60ZY32XTEYCQ0Q19AN','2fd81067-faf0-4ce6-835b-39bb38d08a80','2023-10-01','FullUtbetaling','ARBTREN'),
    ('ved_01HSK80E60ZY32XTEYCQ0Q19AN','2fd81067-faf0-4ce6-835b-39bb38d08a80','2023-10-02','FullUtbetaling','ARBTREN'),
    ('ved_01HSK80E60ZY32XTEYCQ0Q19AN','2fd81067-faf0-4ce6-835b-39bb38d08a80','2023-10-03','FullUtbetaling','ARBTREN'),
    ('ved_01HSK80E60ZY32XTEYCQ0Q19AN','2fd81067-faf0-4ce6-835b-39bb38d08a80','2023-10-04','FullUtbetaling','ARBTREN'),
    ('ved_01HSK80E60ZY32XTEYCQ0Q19AN','2fd81067-faf0-4ce6-835b-39bb38d08a80','2023-10-05','FullUtbetaling','ARBTREN'),
    ('ved_01HSK80E60ZY32XTEYCQ0Q19AN','2fd81067-faf0-4ce6-835b-39bb38d08a80','2023-10-06','FullUtbetaling','ARBTREN'),
    ('ved_01HSK80E60ZY32XTEYCQ0Q19AN','2fd81067-faf0-4ce6-835b-39bb38d08a80','2023-10-07','FullUtbetaling','ARBTREN'),
    ('ved_01HSK80E60ZY32XTEYCQ0Q19AN','2fd81067-faf0-4ce6-835b-39bb38d08a80','2023-10-08','FullUtbetaling','ARBTREN'),
    ('ved_01HSK80E60ZY32XTEYCQ0Q19AN','b8e65c5b-582c-4e33-84ea-7e41074e3ba9','2023-10-09','FullUtbetaling','ARBTREN'),
    ('ved_01HSK80E60ZY32XTEYCQ0Q19AN','b8e65c5b-582c-4e33-84ea-7e41074e3ba9','2023-10-10','FullUtbetaling','ARBTREN'),
    ('ved_01HSK80E60ZY32XTEYCQ0Q19AN','b8e65c5b-582c-4e33-84ea-7e41074e3ba9','2023-10-11','IngenUtbetaling','ARBTREN'),
    ('ved_01HSK80E60ZY32XTEYCQ0Q19AN','b8e65c5b-582c-4e33-84ea-7e41074e3ba9','2023-10-12','IngenUtbetaling','ARBTREN'),
    ('ved_01HSK80E60ZY32XTEYCQ0Q19AN','b8e65c5b-582c-4e33-84ea-7e41074e3ba9','2023-10-13','IngenUtbetaling','ARBTREN'),
    ('ved_01HSK80E60ZY32XTEYCQ0Q19AN','b8e65c5b-582c-4e33-84ea-7e41074e3ba9','2023-10-14','IngenUtbetaling','ARBTREN'),
    ('ved_01HSK80E60ZY32XTEYCQ0Q19AN','b8e65c5b-582c-4e33-84ea-7e41074e3ba9','2023-10-15','IngenUtbetaling','ARBTREN'),
    ('ved_01HSK80E60ZY32XTEYCQ0Q19AN','b8e65c5b-582c-4e33-84ea-7e41074e3ba9','2023-10-16','FullUtbetaling','ARBTREN'),
    ('ved_01HSK80E60ZY32XTEYCQ0Q19AN','b8e65c5b-582c-4e33-84ea-7e41074e3ba9','2023-10-17','DelvisUtbetaling','ARBTREN'),
    ('ved_01HSK80E60ZY32XTEYCQ0Q19AN','b8e65c5b-582c-4e33-84ea-7e41074e3ba9','2023-10-18','IngenUtbetaling','ARBTREN'),
    ('ved_01HSK80E60ZY32XTEYCQ0Q19AN','b8e65c5b-582c-4e33-84ea-7e41074e3ba9','2023-10-19','IngenUtbetaling','ARBTREN'),
    ('ved_01HSK80E60ZY32XTEYCQ0Q19AN','b8e65c5b-582c-4e33-84ea-7e41074e3ba9','2023-10-20','IngenUtbetaling','ARBTREN'),
    ('ved_01HSK80E60ZY32XTEYCQ0Q19AN','b8e65c5b-582c-4e33-84ea-7e41074e3ba9','2023-10-21','IngenUtbetaling','ARBTREN'),
    ('ved_01HSK80E60ZY32XTEYCQ0Q19AN','b8e65c5b-582c-4e33-84ea-7e41074e3ba9','2023-10-22','IngenUtbetaling','ARBTREN'),
    ('ved_01HSK80E60ZY32XTEYCQ0Q19AN','6ff0ad1d-b644-4be9-adba-5ebf8964b85e','2023-10-23','DelvisUtbetaling','ARBTREN'),
    ('ved_01HSK80E60ZY32XTEYCQ0Q19AN','6ff0ad1d-b644-4be9-adba-5ebf8964b85e','2023-10-24','DelvisUtbetaling','ARBTREN'),
    ('ved_01HSK80E60ZY32XTEYCQ0Q19AN','6ff0ad1d-b644-4be9-adba-5ebf8964b85e','2023-10-25','IngenUtbetaling','ARBTREN'),
    ('ved_01HSK80E60ZY32XTEYCQ0Q19AN','6ff0ad1d-b644-4be9-adba-5ebf8964b85e','2023-10-26','IngenUtbetaling','ARBTREN'),
    ('ved_01HSK80E60ZY32XTEYCQ0Q19AN','6ff0ad1d-b644-4be9-adba-5ebf8964b85e','2023-10-27','IngenUtbetaling','ARBTREN'),
    ('ved_01HSK80E60ZY32XTEYCQ0Q19AN','6ff0ad1d-b644-4be9-adba-5ebf8964b85e','2023-10-28','IngenUtbetaling','ARBTREN'),
    ('ved_01HSK80E60ZY32XTEYCQ0Q19AN','6ff0ad1d-b644-4be9-adba-5ebf8964b85e','2023-10-29','IngenUtbetaling','ARBTREN'),
    ('ved_01HSK80E60ZY32XTEYCQ0Q19AN','6ff0ad1d-b644-4be9-adba-5ebf8964b85e','2023-10-30','DelvisUtbetaling','ARBTREN'),
    ('ved_01HSK80E60ZY32XTEYCQ0Q19AN','6ff0ad1d-b644-4be9-adba-5ebf8964b85e','2023-10-31','DelvisUtbetaling','ARBTREN'),
    ('ved_01HSK80E60ZY32XTEYCQ0Q19AN','6ff0ad1d-b644-4be9-adba-5ebf8964b85e','2023-11-01','IngenUtbetaling','ARBTREN'),
    ('ved_01HSK80E60ZY32XTEYCQ0Q19AN','6ff0ad1d-b644-4be9-adba-5ebf8964b85e','2023-11-02','IngenUtbetaling','ARBTREN'),
    ('ved_01HSK80E60ZY32XTEYCQ0Q19AN','6ff0ad1d-b644-4be9-adba-5ebf8964b85e','2023-11-03','IngenUtbetaling','ARBTREN'),
    ('ved_01HSK80E60ZY32XTEYCQ0Q19AN','6ff0ad1d-b644-4be9-adba-5ebf8964b85e','2023-11-04','IngenUtbetaling','ARBTREN'),
    ('ved_01HSK80E60ZY32XTEYCQ0Q19AN','6ff0ad1d-b644-4be9-adba-5ebf8964b85e','2023-11-05','IngenUtbetaling','ARBTREN'),
    ('ved_01HSK80E60ZY32XTEYCQ0Q19AN','71f1164f-4560-46ed-8a15-a5f39f3cdf67','2023-11-06','DelvisUtbetaling','ARBTREN'),
    ('ved_01HSK80E60ZY32XTEYCQ0Q19AN','71f1164f-4560-46ed-8a15-a5f39f3cdf67','2023-11-07','DelvisUtbetaling','ARBTREN'),
    ('ved_01HSK80E60ZY32XTEYCQ0Q19AN','71f1164f-4560-46ed-8a15-a5f39f3cdf67','2023-11-08','IngenUtbetaling','ARBTREN'),
    ('ved_01HSK80E60ZY32XTEYCQ0Q19AN','71f1164f-4560-46ed-8a15-a5f39f3cdf67','2023-11-09','IngenUtbetaling','ARBTREN'),
    ('ved_01HSK80E60ZY32XTEYCQ0Q19AN','71f1164f-4560-46ed-8a15-a5f39f3cdf67','2023-11-10','IngenUtbetaling','ARBTREN'),
    ('ved_01HSK80E60ZY32XTEYCQ0Q19AN','71f1164f-4560-46ed-8a15-a5f39f3cdf67','2023-11-11','IngenUtbetaling','ARBTREN'),
    ('ved_01HSK80E60ZY32XTEYCQ0Q19AN','71f1164f-4560-46ed-8a15-a5f39f3cdf67','2023-11-12','IngenUtbetaling','ARBTREN'),
    ('ved_01HSK80E60ZY32XTEYCQ0Q19AN','71f1164f-4560-46ed-8a15-a5f39f3cdf67','2023-11-13','DelvisUtbetaling','ARBTREN'),
    ('ved_01HSK80E60ZY32XTEYCQ0Q19AN','71f1164f-4560-46ed-8a15-a5f39f3cdf67','2023-11-14','IngenUtbetaling','ARBTREN'),
    ('ved_01HSK80E60ZY32XTEYCQ0Q19AN','71f1164f-4560-46ed-8a15-a5f39f3cdf67','2023-11-15','IngenUtbetaling','ARBTREN'),
    ('ved_01HSK80E60ZY32XTEYCQ0Q19AN','71f1164f-4560-46ed-8a15-a5f39f3cdf67','2023-11-16','IngenUtbetaling','ARBTREN'),
    ('ved_01HSK80E60ZY32XTEYCQ0Q19AN','71f1164f-4560-46ed-8a15-a5f39f3cdf67','2023-11-17','DelvisUtbetaling','ARBTREN'),
    ('ved_01HSK80E60ZY32XTEYCQ0Q19AN','71f1164f-4560-46ed-8a15-a5f39f3cdf67','2023-11-18','IngenUtbetaling','ARBTREN'),
    ('ved_01HSK80E60ZY32XTEYCQ0Q19AN','71f1164f-4560-46ed-8a15-a5f39f3cdf67','2023-11-19','IngenUtbetaling','ARBTREN'),
    ('ved_01HSK80E60ZY32XTEYCQ0Q19AN','563ba7f9-29fb-4348-bb5f-36234ec62c73','2023-11-20','FullUtbetaling','ARBTREN'),
    ('ved_01HSK80E60ZY32XTEYCQ0Q19AN','563ba7f9-29fb-4348-bb5f-36234ec62c73','2023-11-21','FullUtbetaling','ARBTREN'),
    ('ved_01HSK80E60ZY32XTEYCQ0Q19AN','563ba7f9-29fb-4348-bb5f-36234ec62c73','2023-11-22','IngenUtbetaling','ARBTREN'),
    ('ved_01HSK80E60ZY32XTEYCQ0Q19AN','563ba7f9-29fb-4348-bb5f-36234ec62c73','2023-11-23','IngenUtbetaling','ARBTREN'),
    ('ved_01HSK80E60ZY32XTEYCQ0Q19AN','563ba7f9-29fb-4348-bb5f-36234ec62c73','2023-11-24','IngenUtbetaling','ARBTREN'),
    ('ved_01HSK80E60ZY32XTEYCQ0Q19AN','563ba7f9-29fb-4348-bb5f-36234ec62c73','2023-11-25','IngenUtbetaling','ARBTREN'),
    ('ved_01HSK80E60ZY32XTEYCQ0Q19AN','563ba7f9-29fb-4348-bb5f-36234ec62c73','2023-11-26','IngenUtbetaling','ARBTREN'),
    ('ved_01HSK80E60ZY32XTEYCQ0Q19AN','563ba7f9-29fb-4348-bb5f-36234ec62c73','2023-11-27','FullUtbetaling','ARBTREN'),
    ('ved_01HSK80E60ZY32XTEYCQ0Q19AN','563ba7f9-29fb-4348-bb5f-36234ec62c73','2023-11-28','FullUtbetaling','ARBTREN'),
    ('ved_01HSK80E60ZY32XTEYCQ0Q19AN','563ba7f9-29fb-4348-bb5f-36234ec62c73','2023-11-29','IngenUtbetaling','ARBTREN'),
    ('ved_01HSK80E60ZY32XTEYCQ0Q19AN','563ba7f9-29fb-4348-bb5f-36234ec62c73','2023-11-30','IngenUtbetaling','ARBTREN'),
    ('ved_01HSK80E60ZY32XTEYCQ0Q19AN','563ba7f9-29fb-4348-bb5f-36234ec62c73','2023-12-01','IngenUtbetaling','ARBTREN'),
    ('ved_01HSK80E60ZY32XTEYCQ0Q19AN','563ba7f9-29fb-4348-bb5f-36234ec62c73','2023-12-02','IngenUtbetaling','ARBTREN'),
    ('ved_01HSK80E60ZY32XTEYCQ0Q19AN','563ba7f9-29fb-4348-bb5f-36234ec62c73','2023-12-03','IngenUtbetaling','ARBTREN'),
    ('ved_01HSK80E60ZY32XTEYCQ0Q19AN','41dae146-a923-4da7-9bb3-a27c12751818','2023-12-04','FullUtbetaling','ARBTREN'),
    ('ved_01HSK80E60ZY32XTEYCQ0Q19AN','41dae146-a923-4da7-9bb3-a27c12751818','2023-12-05','FullUtbetaling','ARBTREN'),
    ('ved_01HSK80E60ZY32XTEYCQ0Q19AN','41dae146-a923-4da7-9bb3-a27c12751818','2023-12-06','IngenUtbetaling','ARBTREN'),
    ('ved_01HSK80E60ZY32XTEYCQ0Q19AN','41dae146-a923-4da7-9bb3-a27c12751818','2023-12-07','IngenUtbetaling','ARBTREN'),
    ('ved_01HSK80E60ZY32XTEYCQ0Q19AN','41dae146-a923-4da7-9bb3-a27c12751818','2023-12-08','IngenUtbetaling','ARBTREN'),
    ('ved_01HSK80E60ZY32XTEYCQ0Q19AN','41dae146-a923-4da7-9bb3-a27c12751818','2023-12-09','IngenUtbetaling','ARBTREN'),
    ('ved_01HSK80E60ZY32XTEYCQ0Q19AN','41dae146-a923-4da7-9bb3-a27c12751818','2023-12-10','IngenUtbetaling','ARBTREN'),
    ('ved_01HSK80E60ZY32XTEYCQ0Q19AN','41dae146-a923-4da7-9bb3-a27c12751818','2023-12-11','FullUtbetaling','ARBTREN'),
    ('ved_01HSK80E60ZY32XTEYCQ0Q19AN','41dae146-a923-4da7-9bb3-a27c12751818','2023-12-12','FullUtbetaling','ARBTREN'),
    ('ved_01HSK80E60ZY32XTEYCQ0Q19AN','41dae146-a923-4da7-9bb3-a27c12751818','2023-12-13','IngenUtbetaling','ARBTREN'),
    ('ved_01HSK80E60ZY32XTEYCQ0Q19AN','41dae146-a923-4da7-9bb3-a27c12751818','2023-12-14','IngenUtbetaling','ARBTREN'),
    ('ved_01HSK80E60ZY32XTEYCQ0Q19AN','41dae146-a923-4da7-9bb3-a27c12751818','2023-12-15','IngenUtbetaling','ARBTREN'),
    ('ved_01HSK80E60ZY32XTEYCQ0Q19AN','41dae146-a923-4da7-9bb3-a27c12751818','2023-12-16','IngenUtbetaling','ARBTREN'),
    ('ved_01HSK80E60ZY32XTEYCQ0Q19AN','41dae146-a923-4da7-9bb3-a27c12751818','2023-12-17','IngenUtbetaling','ARBTREN'),
    ('ved_01HSK80E60ZY32XTEYCQ0Q19AN','4872a376-6ef3-4c24-90b4-c39389f90e45','2023-12-18','FullUtbetaling','ARBTREN'),
    ('ved_01HSK80E60ZY32XTEYCQ0Q19AN','4872a376-6ef3-4c24-90b4-c39389f90e45','2023-12-19','FullUtbetaling','ARBTREN'),
    ('ved_01HSK80E60ZY32XTEYCQ0Q19AN','4872a376-6ef3-4c24-90b4-c39389f90e45','2023-12-20','IngenUtbetaling','ARBTREN'),
    ('ved_01HSK80E60ZY32XTEYCQ0Q19AN','4872a376-6ef3-4c24-90b4-c39389f90e45','2023-12-21','IngenUtbetaling','ARBTREN'),
    ('ved_01HSK80E60ZY32XTEYCQ0Q19AN','4872a376-6ef3-4c24-90b4-c39389f90e45','2023-12-22','IngenUtbetaling','ARBTREN'),
    ('ved_01HSK80E60ZY32XTEYCQ0Q19AN','4872a376-6ef3-4c24-90b4-c39389f90e45','2023-12-23','IngenUtbetaling','ARBTREN'),
    ('ved_01HSK80E60ZY32XTEYCQ0Q19AN','4872a376-6ef3-4c24-90b4-c39389f90e45','2023-12-24','IngenUtbetaling','ARBTREN'),
    ('ved_01HSK80E60ZY32XTEYCQ0Q19AN','4872a376-6ef3-4c24-90b4-c39389f90e45','2023-12-25','FullUtbetaling','ARBTREN'),
    ('ved_01HSK80E60ZY32XTEYCQ0Q19AN','4872a376-6ef3-4c24-90b4-c39389f90e45','2023-12-26','IngenUtbetaling','ARBTREN'),
    ('ved_01HSK80E60ZY32XTEYCQ0Q19AN','4872a376-6ef3-4c24-90b4-c39389f90e45','2023-12-27','IngenUtbetaling','ARBTREN'),
    ('ved_01HSK80E60ZY32XTEYCQ0Q19AN','4872a376-6ef3-4c24-90b4-c39389f90e45','2023-12-28','IngenUtbetaling','ARBTREN'),
    ('ved_01HSK80E60ZY32XTEYCQ0Q19AN','4872a376-6ef3-4c24-90b4-c39389f90e45','2023-12-29','FullUtbetaling','ARBTREN'),
    ('ved_01HSK80E60ZY32XTEYCQ0Q19AN','4872a376-6ef3-4c24-90b4-c39389f90e45','2023-12-30','IngenUtbetaling','ARBTREN'),
    ('ved_01HSK80E60ZY32XTEYCQ0Q19AN','4872a376-6ef3-4c24-90b4-c39389f90e45','2023-12-31','IngenUtbetaling','ARBTREN'),
    ('ved_01HSK80E60ZY32XTEYCQ0Q19AN','a5f29fcc-49e1-411c-b456-29dbbff6cc0c','2024-01-01','FullUtbetaling','ARBTREN'),
    ('ved_01HSK80E60ZY32XTEYCQ0Q19AN','a5f29fcc-49e1-411c-b456-29dbbff6cc0c','2024-01-02','FullUtbetaling','ARBTREN'),
    ('ved_01HSK80E60ZY32XTEYCQ0Q19AN','a5f29fcc-49e1-411c-b456-29dbbff6cc0c','2024-01-03','IngenUtbetaling','ARBTREN'),
    ('ved_01HSK80E60ZY32XTEYCQ0Q19AN','a5f29fcc-49e1-411c-b456-29dbbff6cc0c','2024-01-04','IngenUtbetaling','ARBTREN'),
    ('ved_01HSK80E60ZY32XTEYCQ0Q19AN','a5f29fcc-49e1-411c-b456-29dbbff6cc0c','2024-01-05','FullUtbetaling','ARBTREN'),
    ('ved_01HSK80E60ZY32XTEYCQ0Q19AN','a5f29fcc-49e1-411c-b456-29dbbff6cc0c','2024-01-06','IngenUtbetaling','ARBTREN'),
    ('ved_01HSK80E60ZY32XTEYCQ0Q19AN','a5f29fcc-49e1-411c-b456-29dbbff6cc0c','2024-01-07','IngenUtbetaling','ARBTREN'),
    ('ved_01HSK80E60ZY32XTEYCQ0Q19AN','a5f29fcc-49e1-411c-b456-29dbbff6cc0c','2024-01-08','FullUtbetaling','ARBTREN'),
    ('ved_01HSK80E60ZY32XTEYCQ0Q19AN','a5f29fcc-49e1-411c-b456-29dbbff6cc0c','2024-01-09','FullUtbetaling','ARBTREN'),
    ('ved_01HSK80E60ZY32XTEYCQ0Q19AN','a5f29fcc-49e1-411c-b456-29dbbff6cc0c','2024-01-10','IngenUtbetaling','ARBTREN'),
    ('ved_01HSK80E60ZY32XTEYCQ0Q19AN','a5f29fcc-49e1-411c-b456-29dbbff6cc0c','2024-01-11','IngenUtbetaling','ARBTREN'),
    ('ved_01HSK80E60ZY32XTEYCQ0Q19AN','a5f29fcc-49e1-411c-b456-29dbbff6cc0c','2024-01-12','IngenUtbetaling','ARBTREN'),
    ('ved_01HSK80E60ZY32XTEYCQ0Q19AN','a5f29fcc-49e1-411c-b456-29dbbff6cc0c','2024-01-13','IngenUtbetaling','ARBTREN'),
    ('ved_01HSK80E60ZY32XTEYCQ0Q19AN','a5f29fcc-49e1-411c-b456-29dbbff6cc0c','2024-01-14','IngenUtbetaling','ARBTREN'),
    ('ved_01HSK831C070X24CCAB1H2PNX3','2fd81067-faf0-4ce6-835b-39bb38d08a80','2023-10-01','FullUtbetaling','ARBTREN'),
    ('ved_01HSK831C070X24CCAB1H2PNX3','2fd81067-faf0-4ce6-835b-39bb38d08a80','2023-10-02','FullUtbetaling','ARBTREN'),
    ('ved_01HSK831C070X24CCAB1H2PNX3','2fd81067-faf0-4ce6-835b-39bb38d08a80','2023-10-03','FullUtbetaling','ARBTREN'),
    ('ved_01HSK831C070X24CCAB1H2PNX3','2fd81067-faf0-4ce6-835b-39bb38d08a80','2023-10-04','FullUtbetaling','ARBTREN'),
    ('ved_01HSK831C070X24CCAB1H2PNX3','2fd81067-faf0-4ce6-835b-39bb38d08a80','2023-10-05','FullUtbetaling','ARBTREN'),
    ('ved_01HSK831C070X24CCAB1H2PNX3','2fd81067-faf0-4ce6-835b-39bb38d08a80','2023-10-06','FullUtbetaling','ARBTREN'),
    ('ved_01HSK831C070X24CCAB1H2PNX3','2fd81067-faf0-4ce6-835b-39bb38d08a80','2023-10-07','FullUtbetaling','ARBTREN'),
    ('ved_01HSK831C070X24CCAB1H2PNX3','2fd81067-faf0-4ce6-835b-39bb38d08a80','2023-10-08','FullUtbetaling','ARBTREN'),
    ('ved_01HSK831C070X24CCAB1H2PNX3','b8e65c5b-582c-4e33-84ea-7e41074e3ba9','2023-10-09','FullUtbetaling','ARBTREN'),
    ('ved_01HSK831C070X24CCAB1H2PNX3','b8e65c5b-582c-4e33-84ea-7e41074e3ba9','2023-10-10','FullUtbetaling','ARBTREN'),
    ('ved_01HSK831C070X24CCAB1H2PNX3','b8e65c5b-582c-4e33-84ea-7e41074e3ba9','2023-10-11','IngenUtbetaling','ARBTREN'),
    ('ved_01HSK831C070X24CCAB1H2PNX3','b8e65c5b-582c-4e33-84ea-7e41074e3ba9','2023-10-12','IngenUtbetaling','ARBTREN'),
    ('ved_01HSK831C070X24CCAB1H2PNX3','b8e65c5b-582c-4e33-84ea-7e41074e3ba9','2023-10-13','IngenUtbetaling','ARBTREN'),
    ('ved_01HSK831C070X24CCAB1H2PNX3','b8e65c5b-582c-4e33-84ea-7e41074e3ba9','2023-10-14','IngenUtbetaling','ARBTREN'),
    ('ved_01HSK831C070X24CCAB1H2PNX3','b8e65c5b-582c-4e33-84ea-7e41074e3ba9','2023-10-15','IngenUtbetaling','ARBTREN'),
    ('ved_01HSK831C070X24CCAB1H2PNX3','b8e65c5b-582c-4e33-84ea-7e41074e3ba9','2023-10-16','FullUtbetaling','ARBTREN'),
    ('ved_01HSK831C070X24CCAB1H2PNX3','b8e65c5b-582c-4e33-84ea-7e41074e3ba9','2023-10-17','DelvisUtbetaling','ARBTREN'),
    ('ved_01HSK831C070X24CCAB1H2PNX3','b8e65c5b-582c-4e33-84ea-7e41074e3ba9','2023-10-18','IngenUtbetaling','ARBTREN'),
    ('ved_01HSK831C070X24CCAB1H2PNX3','b8e65c5b-582c-4e33-84ea-7e41074e3ba9','2023-10-19','IngenUtbetaling','ARBTREN'),
    ('ved_01HSK831C070X24CCAB1H2PNX3','b8e65c5b-582c-4e33-84ea-7e41074e3ba9','2023-10-20','IngenUtbetaling','ARBTREN'),
    ('ved_01HSK831C070X24CCAB1H2PNX3','b8e65c5b-582c-4e33-84ea-7e41074e3ba9','2023-10-21','IngenUtbetaling','ARBTREN'),
    ('ved_01HSK831C070X24CCAB1H2PNX3','b8e65c5b-582c-4e33-84ea-7e41074e3ba9','2023-10-22','IngenUtbetaling','ARBTREN'),
    ('ved_01HSK831C070X24CCAB1H2PNX3','6ff0ad1d-b644-4be9-adba-5ebf8964b85e','2023-10-23','DelvisUtbetaling','ARBTREN'),
    ('ved_01HSK831C070X24CCAB1H2PNX3','6ff0ad1d-b644-4be9-adba-5ebf8964b85e','2023-10-24','DelvisUtbetaling','ARBTREN'),
    ('ved_01HSK831C070X24CCAB1H2PNX3','6ff0ad1d-b644-4be9-adba-5ebf8964b85e','2023-10-25','IngenUtbetaling','ARBTREN'),
    ('ved_01HSK831C070X24CCAB1H2PNX3','6ff0ad1d-b644-4be9-adba-5ebf8964b85e','2023-10-26','IngenUtbetaling','ARBTREN'),
    ('ved_01HSK831C070X24CCAB1H2PNX3','6ff0ad1d-b644-4be9-adba-5ebf8964b85e','2023-10-27','IngenUtbetaling','ARBTREN'),
    ('ved_01HSK831C070X24CCAB1H2PNX3','6ff0ad1d-b644-4be9-adba-5ebf8964b85e','2023-10-28','IngenUtbetaling','ARBTREN'),
    ('ved_01HSK831C070X24CCAB1H2PNX3','6ff0ad1d-b644-4be9-adba-5ebf8964b85e','2023-10-29','IngenUtbetaling','ARBTREN'),
    ('ved_01HSK831C070X24CCAB1H2PNX3','6ff0ad1d-b644-4be9-adba-5ebf8964b85e','2023-10-30','DelvisUtbetaling','ARBTREN'),
    ('ved_01HSK831C070X24CCAB1H2PNX3','6ff0ad1d-b644-4be9-adba-5ebf8964b85e','2023-10-31','DelvisUtbetaling','ARBTREN'),
    ('ved_01HSK831C070X24CCAB1H2PNX3','6ff0ad1d-b644-4be9-adba-5ebf8964b85e','2023-11-01','IngenUtbetaling','ARBTREN'),
    ('ved_01HSK831C070X24CCAB1H2PNX3','6ff0ad1d-b644-4be9-adba-5ebf8964b85e','2023-11-02','IngenUtbetaling','ARBTREN'),
    ('ved_01HSK831C070X24CCAB1H2PNX3','6ff0ad1d-b644-4be9-adba-5ebf8964b85e','2023-11-03','IngenUtbetaling','ARBTREN'),
    ('ved_01HSK831C070X24CCAB1H2PNX3','6ff0ad1d-b644-4be9-adba-5ebf8964b85e','2023-11-04','IngenUtbetaling','ARBTREN'),
    ('ved_01HSK831C070X24CCAB1H2PNX3','6ff0ad1d-b644-4be9-adba-5ebf8964b85e','2023-11-05','IngenUtbetaling','ARBTREN'),
    ('ved_01HSK831C070X24CCAB1H2PNX3','71f1164f-4560-46ed-8a15-a5f39f3cdf67','2023-11-06','DelvisUtbetaling','ARBTREN'),
    ('ved_01HSK831C070X24CCAB1H2PNX3','71f1164f-4560-46ed-8a15-a5f39f3cdf67','2023-11-07','DelvisUtbetaling','ARBTREN'),
    ('ved_01HSK831C070X24CCAB1H2PNX3','71f1164f-4560-46ed-8a15-a5f39f3cdf67','2023-11-08','IngenUtbetaling','ARBTREN'),
    ('ved_01HSK831C070X24CCAB1H2PNX3','71f1164f-4560-46ed-8a15-a5f39f3cdf67','2023-11-09','IngenUtbetaling','ARBTREN'),
    ('ved_01HSK831C070X24CCAB1H2PNX3','71f1164f-4560-46ed-8a15-a5f39f3cdf67','2023-11-10','IngenUtbetaling','ARBTREN'),
    ('ved_01HSK831C070X24CCAB1H2PNX3','71f1164f-4560-46ed-8a15-a5f39f3cdf67','2023-11-11','IngenUtbetaling','ARBTREN'),
    ('ved_01HSK831C070X24CCAB1H2PNX3','71f1164f-4560-46ed-8a15-a5f39f3cdf67','2023-11-12','IngenUtbetaling','ARBTREN'),
    ('ved_01HSK831C070X24CCAB1H2PNX3','71f1164f-4560-46ed-8a15-a5f39f3cdf67','2023-11-13','DelvisUtbetaling','ARBTREN'),
    ('ved_01HSK831C070X24CCAB1H2PNX3','71f1164f-4560-46ed-8a15-a5f39f3cdf67','2023-11-14','IngenUtbetaling','ARBTREN'),
    ('ved_01HSK831C070X24CCAB1H2PNX3','71f1164f-4560-46ed-8a15-a5f39f3cdf67','2023-11-15','IngenUtbetaling','ARBTREN'),
    ('ved_01HSK831C070X24CCAB1H2PNX3','71f1164f-4560-46ed-8a15-a5f39f3cdf67','2023-11-16','IngenUtbetaling','ARBTREN'),
    ('ved_01HSK831C070X24CCAB1H2PNX3','71f1164f-4560-46ed-8a15-a5f39f3cdf67','2023-11-17','DelvisUtbetaling','ARBTREN'),
    ('ved_01HSK831C070X24CCAB1H2PNX3','71f1164f-4560-46ed-8a15-a5f39f3cdf67','2023-11-18','IngenUtbetaling','ARBTREN'),
    ('ved_01HSK831C070X24CCAB1H2PNX3','71f1164f-4560-46ed-8a15-a5f39f3cdf67','2023-11-19','IngenUtbetaling','ARBTREN'),
    ('ved_01HSK831C070X24CCAB1H2PNX3','563ba7f9-29fb-4348-bb5f-36234ec62c73','2023-11-20','FullUtbetaling','ARBTREN'),
    ('ved_01HSK831C070X24CCAB1H2PNX3','563ba7f9-29fb-4348-bb5f-36234ec62c73','2023-11-21','FullUtbetaling','ARBTREN'),
    ('ved_01HSK831C070X24CCAB1H2PNX3','563ba7f9-29fb-4348-bb5f-36234ec62c73','2023-11-22','IngenUtbetaling','ARBTREN'),
    ('ved_01HSK831C070X24CCAB1H2PNX3','563ba7f9-29fb-4348-bb5f-36234ec62c73','2023-11-23','IngenUtbetaling','ARBTREN'),
    ('ved_01HSK831C070X24CCAB1H2PNX3','563ba7f9-29fb-4348-bb5f-36234ec62c73','2023-11-24','IngenUtbetaling','ARBTREN'),
    ('ved_01HSK831C070X24CCAB1H2PNX3','563ba7f9-29fb-4348-bb5f-36234ec62c73','2023-11-25','IngenUtbetaling','ARBTREN'),
    ('ved_01HSK831C070X24CCAB1H2PNX3','563ba7f9-29fb-4348-bb5f-36234ec62c73','2023-11-26','IngenUtbetaling','ARBTREN'),
    ('ved_01HSK831C070X24CCAB1H2PNX3','563ba7f9-29fb-4348-bb5f-36234ec62c73','2023-11-27','FullUtbetaling','ARBTREN'),
    ('ved_01HSK831C070X24CCAB1H2PNX3','563ba7f9-29fb-4348-bb5f-36234ec62c73','2023-11-28','FullUtbetaling','ARBTREN'),
    ('ved_01HSK831C070X24CCAB1H2PNX3','563ba7f9-29fb-4348-bb5f-36234ec62c73','2023-11-29','IngenUtbetaling','ARBTREN'),
    ('ved_01HSK831C070X24CCAB1H2PNX3','563ba7f9-29fb-4348-bb5f-36234ec62c73','2023-11-30','IngenUtbetaling','ARBTREN'),
    ('ved_01HSK831C070X24CCAB1H2PNX3','563ba7f9-29fb-4348-bb5f-36234ec62c73','2023-12-01','IngenUtbetaling','ARBTREN'),
    ('ved_01HSK831C070X24CCAB1H2PNX3','563ba7f9-29fb-4348-bb5f-36234ec62c73','2023-12-02','IngenUtbetaling','ARBTREN'),
    ('ved_01HSK831C070X24CCAB1H2PNX3','563ba7f9-29fb-4348-bb5f-36234ec62c73','2023-12-03','IngenUtbetaling','ARBTREN'),
    ('ved_01HSK831C070X24CCAB1H2PNX3','41dae146-a923-4da7-9bb3-a27c12751818','2023-12-04','FullUtbetaling','ARBTREN'),
    ('ved_01HSK831C070X24CCAB1H2PNX3','41dae146-a923-4da7-9bb3-a27c12751818','2023-12-05','FullUtbetaling','ARBTREN'),
    ('ved_01HSK831C070X24CCAB1H2PNX3','41dae146-a923-4da7-9bb3-a27c12751818','2023-12-06','IngenUtbetaling','ARBTREN'),
    ('ved_01HSK831C070X24CCAB1H2PNX3','41dae146-a923-4da7-9bb3-a27c12751818','2023-12-07','IngenUtbetaling','ARBTREN'),
    ('ved_01HSK831C070X24CCAB1H2PNX3','41dae146-a923-4da7-9bb3-a27c12751818','2023-12-08','IngenUtbetaling','ARBTREN'),
    ('ved_01HSK831C070X24CCAB1H2PNX3','41dae146-a923-4da7-9bb3-a27c12751818','2023-12-09','IngenUtbetaling','ARBTREN'),
    ('ved_01HSK831C070X24CCAB1H2PNX3','41dae146-a923-4da7-9bb3-a27c12751818','2023-12-10','IngenUtbetaling','ARBTREN'),
    ('ved_01HSK831C070X24CCAB1H2PNX3','41dae146-a923-4da7-9bb3-a27c12751818','2023-12-11','FullUtbetaling','ARBTREN'),
    ('ved_01HSK831C070X24CCAB1H2PNX3','41dae146-a923-4da7-9bb3-a27c12751818','2023-12-12','FullUtbetaling','ARBTREN'),
    ('ved_01HSK831C070X24CCAB1H2PNX3','41dae146-a923-4da7-9bb3-a27c12751818','2023-12-13','IngenUtbetaling','ARBTREN'),
    ('ved_01HSK831C070X24CCAB1H2PNX3','41dae146-a923-4da7-9bb3-a27c12751818','2023-12-14','IngenUtbetaling','ARBTREN'),
    ('ved_01HSK831C070X24CCAB1H2PNX3','41dae146-a923-4da7-9bb3-a27c12751818','2023-12-15','IngenUtbetaling','ARBTREN'),
    ('ved_01HSK831C070X24CCAB1H2PNX3','41dae146-a923-4da7-9bb3-a27c12751818','2023-12-16','IngenUtbetaling','ARBTREN'),
    ('ved_01HSK831C070X24CCAB1H2PNX3','41dae146-a923-4da7-9bb3-a27c12751818','2023-12-17','IngenUtbetaling','ARBTREN'),
    ('ved_01HSK831C070X24CCAB1H2PNX3','4872a376-6ef3-4c24-90b4-c39389f90e45','2023-12-18','FullUtbetaling','ARBTREN'),
    ('ved_01HSK831C070X24CCAB1H2PNX3','4872a376-6ef3-4c24-90b4-c39389f90e45','2023-12-19','FullUtbetaling','ARBTREN'),
    ('ved_01HSK831C070X24CCAB1H2PNX3','4872a376-6ef3-4c24-90b4-c39389f90e45','2023-12-20','IngenUtbetaling','ARBTREN'),
    ('ved_01HSK831C070X24CCAB1H2PNX3','4872a376-6ef3-4c24-90b4-c39389f90e45','2023-12-21','IngenUtbetaling','ARBTREN'),
    ('ved_01HSK831C070X24CCAB1H2PNX3','4872a376-6ef3-4c24-90b4-c39389f90e45','2023-12-22','IngenUtbetaling','ARBTREN'),
    ('ved_01HSK831C070X24CCAB1H2PNX3','4872a376-6ef3-4c24-90b4-c39389f90e45','2023-12-23','IngenUtbetaling','ARBTREN'),
    ('ved_01HSK831C070X24CCAB1H2PNX3','4872a376-6ef3-4c24-90b4-c39389f90e45','2023-12-24','IngenUtbetaling','ARBTREN'),
    ('ved_01HSK831C070X24CCAB1H2PNX3','4872a376-6ef3-4c24-90b4-c39389f90e45','2023-12-25','FullUtbetaling','ARBTREN'),
    ('ved_01HSK831C070X24CCAB1H2PNX3','4872a376-6ef3-4c24-90b4-c39389f90e45','2023-12-26','IngenUtbetaling','ARBTREN'),
    ('ved_01HSK831C070X24CCAB1H2PNX3','4872a376-6ef3-4c24-90b4-c39389f90e45','2023-12-27','IngenUtbetaling','ARBTREN'),
    ('ved_01HSK831C070X24CCAB1H2PNX3','4872a376-6ef3-4c24-90b4-c39389f90e45','2023-12-28','IngenUtbetaling','ARBTREN'),
    ('ved_01HSK831C070X24CCAB1H2PNX3','4872a376-6ef3-4c24-90b4-c39389f90e45','2023-12-29','FullUtbetaling','ARBTREN'),
    ('ved_01HSK831C070X24CCAB1H2PNX3','4872a376-6ef3-4c24-90b4-c39389f90e45','2023-12-30','IngenUtbetaling','ARBTREN'),
    ('ved_01HSK831C070X24CCAB1H2PNX3','4872a376-6ef3-4c24-90b4-c39389f90e45','2023-12-31','IngenUtbetaling','ARBTREN'),
    ('ved_01HSK831C070X24CCAB1H2PNX3','a5f29fcc-49e1-411c-b456-29dbbff6cc0c','2024-01-01','FullUtbetaling','ARBTREN'),
    ('ved_01HSK831C070X24CCAB1H2PNX3','a5f29fcc-49e1-411c-b456-29dbbff6cc0c','2024-01-02','FullUtbetaling','ARBTREN'),
    ('ved_01HSK831C070X24CCAB1H2PNX3','a5f29fcc-49e1-411c-b456-29dbbff6cc0c','2024-01-03','IngenUtbetaling','ARBTREN'),
    ('ved_01HSK831C070X24CCAB1H2PNX3','a5f29fcc-49e1-411c-b456-29dbbff6cc0c','2024-01-04','IngenUtbetaling','ARBTREN'),
    ('ved_01HSK831C070X24CCAB1H2PNX3','a5f29fcc-49e1-411c-b456-29dbbff6cc0c','2024-01-05','FullUtbetaling','ARBTREN'),
    ('ved_01HSK831C070X24CCAB1H2PNX3','a5f29fcc-49e1-411c-b456-29dbbff6cc0c','2024-01-06','IngenUtbetaling','ARBTREN'),
    ('ved_01HSK831C070X24CCAB1H2PNX3','a5f29fcc-49e1-411c-b456-29dbbff6cc0c','2024-01-07','IngenUtbetaling','ARBTREN'),
    ('ved_01HSK831C070X24CCAB1H2PNX3','a5f29fcc-49e1-411c-b456-29dbbff6cc0c','2024-01-08','FullUtbetaling','ARBTREN'),
    ('ved_01HSK831C070X24CCAB1H2PNX3','a5f29fcc-49e1-411c-b456-29dbbff6cc0c','2024-01-09','FullUtbetaling','ARBTREN'),
    ('ved_01HSK831C070X24CCAB1H2PNX3','a5f29fcc-49e1-411c-b456-29dbbff6cc0c','2024-01-10','IngenUtbetaling','ARBTREN'),
    ('ved_01HSK831C070X24CCAB1H2PNX3','a5f29fcc-49e1-411c-b456-29dbbff6cc0c','2024-01-11','IngenUtbetaling','ARBTREN'),
    ('ved_01HSK831C070X24CCAB1H2PNX3','a5f29fcc-49e1-411c-b456-29dbbff6cc0c','2024-01-12','IngenUtbetaling','ARBTREN'),
    ('ved_01HSK831C070X24CCAB1H2PNX3','a5f29fcc-49e1-411c-b456-29dbbff6cc0c','2024-01-13','IngenUtbetaling','ARBTREN'),
    ('ved_01HSK831C070X24CCAB1H2PNX3','a5f29fcc-49e1-411c-b456-29dbbff6cc0c','2024-01-14','IngenUtbetaling','ARBTREN'),
    ('ved_01HSK831C070X24CCAB1H2PNX3','d672936b-da2d-4f65-a09a-abc07ad1f9a0','2024-01-15','FullUtbetaling','ARBTREN'),
    ('ved_01HSK831C070X24CCAB1H2PNX3','d672936b-da2d-4f65-a09a-abc07ad1f9a0','2024-01-16','FullUtbetaling','ARBTREN'),
    ('ved_01HSK831C070X24CCAB1H2PNX3','d672936b-da2d-4f65-a09a-abc07ad1f9a0','2024-01-17','IngenUtbetaling','ARBTREN'),
    ('ved_01HSK831C070X24CCAB1H2PNX3','d672936b-da2d-4f65-a09a-abc07ad1f9a0','2024-01-18','IngenUtbetaling','ARBTREN'),
    ('ved_01HSK831C070X24CCAB1H2PNX3','d672936b-da2d-4f65-a09a-abc07ad1f9a0','2024-01-19','IngenUtbetaling','ARBTREN'),
    ('ved_01HSK831C070X24CCAB1H2PNX3','d672936b-da2d-4f65-a09a-abc07ad1f9a0','2024-01-20','IngenUtbetaling','ARBTREN'),
    ('ved_01HSK831C070X24CCAB1H2PNX3','d672936b-da2d-4f65-a09a-abc07ad1f9a0','2024-01-21','IngenUtbetaling','ARBTREN'),
    ('ved_01HSK831C070X24CCAB1H2PNX3','d672936b-da2d-4f65-a09a-abc07ad1f9a0','2024-01-22','FullUtbetaling','ARBTREN'),
    ('ved_01HSK831C070X24CCAB1H2PNX3','d672936b-da2d-4f65-a09a-abc07ad1f9a0','2024-01-23','FullUtbetaling','ARBTREN'),
    ('ved_01HSK831C070X24CCAB1H2PNX3','d672936b-da2d-4f65-a09a-abc07ad1f9a0','2024-01-24','IngenUtbetaling','ARBTREN'),
    ('ved_01HSK831C070X24CCAB1H2PNX3','d672936b-da2d-4f65-a09a-abc07ad1f9a0','2024-01-25','IngenUtbetaling','ARBTREN'),
    ('ved_01HSK831C070X24CCAB1H2PNX3','d672936b-da2d-4f65-a09a-abc07ad1f9a0','2024-01-26','IngenUtbetaling','ARBTREN'),
    ('ved_01HSK831C070X24CCAB1H2PNX3','d672936b-da2d-4f65-a09a-abc07ad1f9a0','2024-01-27','IngenUtbetaling','ARBTREN'),
    ('ved_01HSK831C070X24CCAB1H2PNX3','d672936b-da2d-4f65-a09a-abc07ad1f9a0','2024-01-28','IngenUtbetaling','ARBTREN');
INSERT INTO public.utfallsperiode (id,vedtak_id,fom,tom,antall_barn,utfall) VALUES
    ('uperiode_01HSGN703QBXWNNN21C4QTR65A','ved_01HSGN6Y409VWMCWAWGBSF1QSQ','2023-10-01','2024-03-01',0,'GIR_RETT_TILTAKSPENGER'),
    ('uperiode_01HSGN8H2EQH2PGBFFFJP96XMC','ved_01HSGN8GWEA5JK6XPG7YQFPYEX','2023-10-01','2024-03-01',0,'GIR_RETT_TILTAKSPENGER'),
    ('uperiode_01HSGNH1SEPY9ECF2ETW0PSD6G','ved_01HSGNH1N9MYQV0KFBZT5ZDTBW','2023-10-01','2024-03-01',0,'GIR_RETT_TILTAKSPENGER'),
    ('uperiode_01HSGNP6G5FM9MN4534ZYM1S1Y','ved_01HSGNP69WYQDGEA58DN8GDFMC','2023-10-01','2024-03-01',0,'GIR_RETT_TILTAKSPENGER'),
    ('uperiode_01HSGNV4KTS3Z7MM3E93PV64Y9','ved_01HSGNV4D8BFAGWXXN6RCD7HS3','2023-10-01','2024-03-01',0,'GIR_RETT_TILTAKSPENGER'),
    ('uperiode_01HSGNZG5MKXYW5VK3ZT5ZD21C','ved_01HSGNZFYMNX2PQSS4GSSNQC7V','2023-10-01','2024-03-01',0,'GIR_RETT_TILTAKSPENGER'),
    ('uperiode_01HSJYYPN027A72JVEM6HET387','ved_01HSJYYN1TWBRQ3TMJCV9DCW63','2024-01-01','2024-06-30',0,'GIR_RETT_TILTAKSPENGER'),
    ('uperiode_01HSJZ10Q9DNCV8NXK6RQS64T9','ved_01HSJZ10JZGFDMGDM0JM74PA00','2024-01-01','2024-06-30',0,'GIR_RETT_TILTAKSPENGER'),
    ('uperiode_01HSJZ625ZX70MGKEKQPWT4KZX','ved_01HSJZ621WZ9MXBA6G2YC5QGHR','2024-01-01','2024-06-30',0,'GIR_RETT_TILTAKSPENGER'),
    ('uperiode_01HSJZ970HNPKBJZVM98452XSC','ved_01HSJZ96W22Q7QR840H5N3PSJC','2024-01-01','2024-06-30',0,'GIR_RETT_TILTAKSPENGER'),
    ('uperiode_01HSJZDPWCNZAPADC00M7XH337','ved_01HSJZDPQGBBD213XJJWER7AJA','2024-01-01','2024-06-30',0,'GIR_RETT_TILTAKSPENGER'),
    ('uperiode_01HSJZKDFRNG5RZC12WRSC8SN4','ved_01HSJZKC50FVE0DRFF7H4J635M','2024-01-01','2024-06-30',0,'GIR_RETT_TILTAKSPENGER'),
    ('uperiode_01HSK0CD8X1KSCY3PP7JXSE6A4','ved_01HSK0CD65NQGJBDQ3XTPFQPQE','2023-10-01','2025-03-28',2,'GIR_RETT_TILTAKSPENGER'),
    ('uperiode_01HSK0FEQ78DENZ31A48ARESXY','ved_01HSK0FEDY101T1QEWE6GQNK38','2023-10-01','2025-03-28',2,'GIR_RETT_TILTAKSPENGER'),
    ('uperiode_01HSK0JQEAZ8RSVJE65TZMDN1V','ved_01HSK0JQA1041GKP2J3X139KGQ','2023-10-01','2025-03-28',2,'GIR_RETT_TILTAKSPENGER'),
    ('uperiode_01HSK0RK5637ZJP6JTYG8SZZ7Q','ved_01HSK0RJZWY6PE27HJK1D8XN99','2023-10-01','2025-03-28',2,'GIR_RETT_TILTAKSPENGER'),
    ('uperiode_01HSK0XKGTH5522M3DHH9381S3','ved_01HSK0XKAPBS9R7SSTK8AZS1S7','2023-10-01','2025-03-28',2,'GIR_RETT_TILTAKSPENGER'),
    ('uperiode_01HSK10E3HXQ8549JD2KSWCBAW','ved_01HSK10DWPAYBQKHB6FWVAR9KW','2023-10-01','2025-03-28',2,'GIR_RETT_TILTAKSPENGER'),
    ('uperiode_01HSK14G8Z7K1DC0324JZ9W9TE','ved_01HSK14G0DVVMBKSKV98W0F5MK','2023-10-01','2025-03-28',2,'GIR_RETT_TILTAKSPENGER'),
    ('uperiode_01HSK7YDF9MXT915A3Y82MGDY2','ved_01HSK7YCHBPXH30NB7AC6CBRXC','2023-10-01','2025-03-28',2,'GIR_RETT_TILTAKSPENGER'),
    ('uperiode_01HSK80EF3M2B2G6TMYGA57JGW','ved_01HSK80E60ZY32XTEYCQ0Q19AN','2023-10-01','2025-03-28',2,'GIR_RETT_TILTAKSPENGER'),
    ('uperiode_01HSK831N20E6DV78YFDYY3QPY','ved_01HSK831C070X24CCAB1H2PNX3','2023-10-01','2025-03-28',2,'GIR_RETT_TILTAKSPENGER');
